id,name,name_en,slug,type,region,governorate_id,governorate,parent_id,inside_city_id,inside_city,latitude,longitude,coordinate_quality,delivery_fee,standard_delivery_fee,express_delivery_fee,free_delivery_over,active,source_note
1001,جنين,Jenin,jenin,city,west_bank,1,جنين,,,,32.46,35.3,governorate_center,15,15,25,300,True,Names compiled from common locality lists; coordinates and fees require field validation.
1002,قباطية,Qabatiya,qabatiya,town,west_bank,1,جنين,,,,32.386911,35.311664,approximate_generated,20,20,30,300,True,Names compiled from common locality lists; coordinates and fees require field validation.
1003,عرابة,Arraba,arraba,town,west_bank,1,جنين,,,,32.474229,35.319835,approximate_generated,20,20,30,300,True,Names compiled from common locality lists; coordinates and fees require field validation.
1004,يعبد,Yaabad,yaabad,town,west_bank,1,جنين,,,,32.451205,35.209604,approximate_generated,20,20,30,300,True,Names compiled from common locality lists; coordinates and fees require field validation.
1005,برقين,Burqin,burqin,town,west_bank,1,جنين,,,,32.415426,35.427409,approximate_generated,20,20,30,300,True,Names compiled from common locality lists; coordinates and fees require field validation.
1006,سيلة الظهر,Silat ad-Dhahr,silat-ad-dhahr,town,west_bank,1,جنين,,,,32.486663,35.286967,approximate_generated,20,20,30,300,True,Names compiled from common locality lists; coordinates and fees require field validation.
1007,الزبابدة,Zababdeh,zababdeh,town,west_bank,1,جنين,,,,32.406601,35.24958,approximate_generated,20,20,30,300,True,Names compiled from common locality lists; coordinates and fees require field validation.
1008,ميثلون,Meithalun,meithalun,town,west_bank,1,جنين,,,,32.491813,35.458368,approximate_generated,20,20,30,300,True,Names compiled from common locality lists; coordinates and fees require field validation.
1009,كفر راعي,Kafr Rai,kafr-rai,town,west_bank,1,جنين,,,,32.474227,35.237328,approximate_generated,20,20,30,300,True,Names compiled from common locality lists; coordinates and fees require field validation.
1010,جبع,Jaba,jaba,town,west_bank,1,جنين,,,,32.396736,35.353833,approximate_generated,20,20,30,300,True,Names compiled from common locality lists; coordinates and fees require field validation.
1011,عجة,Ajjah,ajjah,village,west_bank,1,جنين,,,,32.47375,35.30784,approximate_generated,23,23,33,300,True,Names compiled from common locality lists; coordinates and fees require field validation.
1012,عنزة,Anza,anza,village,west_bank,1,جنين,,,,32.436447,35.226113,approximate_generated,23,23,33,300,True,Names compiled from common locality lists; coordinates and fees require field validation.
1013,صانور,Sanur,sanur,village,west_bank,1,جنين,,,,32.442928,35.441229,approximate_generated,23,23,33,300,True,Names compiled from common locality lists; coordinates and fees require field validation.
1014,سيريس,Siris,siris,village,west_bank,1,جنين,,,,32.479706,35.274807,approximate_generated,23,23,33,300,True,Names compiled from common locality lists; coordinates and fees require field validation.
1015,الجديدة,Al Jadeeda,al-jadeeda,village,west_bank,1,جنين,,,,32.403819,35.28677,approximate_generated,23,23,33,300,True,Names compiled from common locality lists; coordinates and fees require field validation.
1016,مركة,Marka,marka,village,west_bank,1,جنين,,,,32.517496,35.424019,approximate_generated,23,23,33,300,True,Names compiled from common locality lists; coordinates and fees require field validation.
1017,بير الباشا,Bir al Basha,bir-al-basha,village,west_bank,1,جنين,,,,32.461393,35.238652,approximate_generated,23,23,33,300,True,Names compiled from common locality lists; coordinates and fees require field validation.
1018,كفر دان,Kafr Dan,kafr-dan,village,west_bank,1,جنين,,,,32.413216,35.385491,approximate_generated,23,23,33,300,True,Names compiled from common locality lists; coordinates and fees require field validation.
1019,اليامون,Al Yamun,al-yamun,village,west_bank,1,جنين,,,,32.470878,35.299084,approximate_generated,23,23,33,300,True,Names compiled from common locality lists; coordinates and fees require field validation.
1020,سيلة الحارثية,Silat al Harithiya,silat-al-harithiya,village,west_bank,1,جنين,,,,32.426638,35.249389,approximate_generated,23,23,33,300,True,Names compiled from common locality lists; coordinates and fees require field validation.
1021,العرقة,Al Araqa,al-araqa,village,west_bank,1,جنين,,,,32.470142,35.436964,approximate_generated,23,23,33,300,True,Names compiled from common locality lists; coordinates and fees require field validation.
1022,رمانة,Rummana,rummana,village,west_bank,1,جنين,,,,32.471747,35.269298,approximate_generated,23,23,33,300,True,Names compiled from common locality lists; coordinates and fees require field validation.
1023,زبوبا,Zububa,zububa,village,west_bank,1,جنين,,,,32.408167,35.321211,approximate_generated,23,23,33,300,True,Names compiled from common locality lists; coordinates and fees require field validation.
1024,تعنك,Taanak,taanak,village,west_bank,1,جنين,,,,32.534353,35.377447,approximate_generated,23,23,33,300,True,Names compiled from common locality lists; coordinates and fees require field validation.
1025,عانين,Anin,anin,village,west_bank,1,جنين,,,,32.450803,35.247604,approximate_generated,23,23,33,300,True,Names compiled from common locality lists; coordinates and fees require field validation.
1026,فقوعة,Fakkuah,fakkuah,village,west_bank,1,جنين,,,,32.433662,35.403675,approximate_generated,23,23,33,300,True,Names compiled from common locality lists; coordinates and fees require field validation.
1027,جلبون,Jalbun,jalbun,village,west_bank,1,جنين,,,,32.547972,35.233039,approximate_generated,23,23,33,300,True,Names compiled from common locality lists; coordinates and fees require field validation.
1028,بيت قاد,Beit Qad,beit-qad,village,west_bank,1,جنين,,,,32.422425,35.275436,approximate_generated,23,23,33,300,True,Names compiled from common locality lists; coordinates and fees require field validation.
1029,دير غزالة,Deir Ghazala,deir-ghazala,village,west_bank,1,جنين,,,,32.493732,35.416661,approximate_generated,23,23,33,300,True,Names compiled from common locality lists; coordinates and fees require field validation.
1030,عربونة,Arabuna,arabuna,village,west_bank,1,جنين,,,,32.464344,35.270023,approximate_generated,23,23,33,300,True,Names compiled from common locality lists; coordinates and fees require field validation.
1031,كفر قود,Kafr Qud,kafr-qud,village,west_bank,1,جنين,,,,32.418275,35.348793,approximate_generated,23,23,33,300,True,Names compiled from common locality lists; coordinates and fees require field validation.
1032,أم التوت,Umm at Tut,umm-at-tut,village,west_bank,1,جنين,,,,32.540985,35.325285,approximate_generated,23,23,33,300,True,Names compiled from common locality lists; coordinates and fees require field validation.
1033,دير أبو ضعيف,Deir Abu Daif,deir-abu-daif,village,west_bank,1,جنين,,,,32.44363,35.26158,approximate_generated,23,23,33,300,True,Names compiled from common locality lists; coordinates and fees require field validation.
1034,عرانة,Arrana,arrana,village,west_bank,1,جنين,,,,32.455113,35.407433,approximate_generated,23,23,33,300,True,Names compiled from common locality lists; coordinates and fees require field validation.
1035,جلمة,Jalama,jalama,village,west_bank,1,جنين,,,,32.527415,35.186576,approximate_generated,23,23,33,300,True,Names compiled from common locality lists; coordinates and fees require field validation.
1036,مخيم جنين,Jenin Camp,jenin-camp,camp,west_bank,1,جنين,,,,32.42359,35.300333,approximate_generated,20,20,30,300,True,Names compiled from common locality lists; coordinates and fees require field validation.
1037,طوباس,Tubas,tubas,city,west_bank,2,طوباس,,,,32.32,35.37,governorate_center,15,15,25,300,True,Names compiled from common locality lists; coordinates and fees require field validation.
1038,طمون,Tammun,tammun,town,west_bank,2,طوباس,,,,32.246911,35.381664,approximate_generated,20,20,30,300,True,Names compiled from common locality lists; coordinates and fees require field validation.
1039,عقابا,Aqqaba,aqqaba,town,west_bank,2,طوباس,,,,32.334229,35.389835,approximate_generated,20,20,30,300,True,Names compiled from common locality lists; coordinates and fees require field validation.
1040,تياسير,Tayasir,tayasir,village,west_bank,2,طوباس,,,,32.311205,35.279604,approximate_generated,23,23,33,300,True,Names compiled from common locality lists; coordinates and fees require field validation.
1041,بردلة,Bardala,bardala,village,west_bank,2,طوباس,,,,32.275426,35.497409,approximate_generated,23,23,33,300,True,Names compiled from common locality lists; coordinates and fees require field validation.
1042,عين البيضاء,Ein al Beida,ein-al-beida,village,west_bank,2,طوباس,,,,32.346663,35.356967,approximate_generated,23,23,33,300,True,Names compiled from common locality lists; coordinates and fees require field validation.
1043,كردلة,Kardala,kardala,village,west_bank,2,طوباس,,,,32.266601,35.31958,approximate_generated,23,23,33,300,True,Names compiled from common locality lists; coordinates and fees require field validation.
1044,الفارعة,Al Faraa,al-faraa,camp,west_bank,2,طوباس,,,,32.351813,35.528368,approximate_generated,20,20,30,300,True,Names compiled from common locality lists; coordinates and fees require field validation.
1045,وادي الفارعة,Wadi al Faraa,wadi-al-faraa,village,west_bank,2,طوباس,,,,32.334227,35.307328,approximate_generated,23,23,33,300,True,Names compiled from common locality lists; coordinates and fees require field validation.
1046,رأس الفارعة,Ras al Faraa,ras-al-faraa,village,west_bank,2,طوباس,,,,32.256736,35.423833,approximate_generated,23,23,33,300,True,Names compiled from common locality lists; coordinates and fees require field validation.
1047,إبزيق,Ibziq,ibziq,village,west_bank,2,طوباس,,,,32.33375,35.37784,approximate_generated,23,23,33,300,True,Names compiled from common locality lists; coordinates and fees require field validation.
1048,عاطوف,Atuf,atuf,village,west_bank,2,طوباس,,,,32.296447,35.296113,approximate_generated,23,23,33,300,True,Names compiled from common locality lists; coordinates and fees require field validation.
1049,المالح,Al Maleh,al-maleh,village,west_bank,2,طوباس,,,,32.302928,35.511229,approximate_generated,23,23,33,300,True,Names compiled from common locality lists; coordinates and fees require field validation.
1050,الحديدية,Al Hadidiya,al-hadidiya,village,west_bank,2,طوباس,,,,32.339706,35.344807,approximate_generated,23,23,33,300,True,Names compiled from common locality lists; coordinates and fees require field validation.
1051,حمصة,Hamsa,hamsa,village,west_bank,2,طوباس,,,,32.263819,35.35677,approximate_generated,23,23,33,300,True,Names compiled from common locality lists; coordinates and fees require field validation.
1052,طولكرم,Tulkarm,tulkarm,city,west_bank,3,طولكرم,,,,32.31,35.03,governorate_center,15,15,25,300,True,Names compiled from common locality lists; coordinates and fees require field validation.
1053,عنبتا,Anabta,anabta,town,west_bank,3,طولكرم,,,,32.236911,35.041664,approximate_generated,20,20,30,300,True,Names compiled from common locality lists; coordinates and fees require field validation.
1054,عتيل,Attil,attil,town,west_bank,3,طولكرم,,,,32.324229,35.049835,approximate_generated,20,20,30,300,True,Names compiled from common locality lists; coordinates and fees require field validation.
1055,بلعا,Balaa,balaa,town,west_bank,3,طولكرم,,,,32.301205,34.939604,approximate_generated,20,20,30,300,True,Names compiled from common locality lists; coordinates and fees require field validation.
1056,دير الغصون,Deir al Ghusun,deir-al-ghusun,town,west_bank,3,طولكرم,,,,32.265426,35.157409,approximate_generated,20,20,30,300,True,Names compiled from common locality lists; coordinates and fees require field validation.
1057,زيتا,Zeita,zeita,town,west_bank,3,طولكرم,,,,32.336663,35.016967,approximate_generated,20,20,30,300,True,Names compiled from common locality lists; coordinates and fees require field validation.
1058,باقة الشرقية,Baqa ash Sharqiya,baqa-ash-sharqiya,town,west_bank,3,طولكرم,,,,32.256601,34.97958,approximate_generated,20,20,30,300,True,Names compiled from common locality lists; coordinates and fees require field validation.
1059,كفر اللبد,Kafr al Labad,kafr-al-labad,village,west_bank,3,طولكرم,,,,32.341813,35.188368,approximate_generated,23,23,33,300,True,Names compiled from common locality lists; coordinates and fees require field validation.
1060,رامين,Ramin,ramin,village,west_bank,3,طولكرم,,,,32.324227,34.967328,approximate_generated,23,23,33,300,True,Names compiled from common locality lists; coordinates and fees require field validation.
1061,بيت ليد,Beit Lid,beit-lid,village,west_bank,3,طولكرم,,,,32.246736,35.083833,approximate_generated,23,23,33,300,True,Names compiled from common locality lists; coordinates and fees require field validation.
1062,سفارين,Saffarin,saffarin,village,west_bank,3,طولكرم,,,,32.32375,35.03784,approximate_generated,23,23,33,300,True,Names compiled from common locality lists; coordinates and fees require field validation.
1063,شوفة,Shufa,shufa,village,west_bank,3,طولكرم,,,,32.286447,34.956113,approximate_generated,23,23,33,300,True,Names compiled from common locality lists; coordinates and fees require field validation.
1064,كفر جمال,Kafr Jammal,kafr-jammal,village,west_bank,3,طولكرم,,,,32.292928,35.171229,approximate_generated,23,23,33,300,True,Names compiled from common locality lists; coordinates and fees require field validation.
1065,كفر زيباد,Kafr Zibad,kafr-zibad,village,west_bank,3,طولكرم,,,,32.329706,35.004807,approximate_generated,23,23,33,300,True,Names compiled from common locality lists; coordinates and fees require field validation.
1066,كفر عبوش,Kafr Abbush,kafr-abbush,village,west_bank,3,طولكرم,,,,32.253819,35.01677,approximate_generated,23,23,33,300,True,Names compiled from common locality lists; coordinates and fees require field validation.
1067,كور,Kur,kur,village,west_bank,3,طولكرم,,,,32.367496,35.154019,approximate_generated,23,23,33,300,True,Names compiled from common locality lists; coordinates and fees require field validation.
1068,فرعون,Farun,farun,village,west_bank,3,طولكرم,,,,32.311393,34.968652,approximate_generated,23,23,33,300,True,Names compiled from common locality lists; coordinates and fees require field validation.
1069,ارتاح,Irtah,irtah,village,west_bank,3,طولكرم,,,,32.263216,35.115491,approximate_generated,23,23,33,300,True,Names compiled from common locality lists; coordinates and fees require field validation.
1070,ذنابة,Dhinnaba,dhinnaba,town,west_bank,3,طولكرم,,,,32.320878,35.029084,approximate_generated,20,20,30,300,True,Names compiled from common locality lists; coordinates and fees require field validation.
1071,النزلة الشرقية,Nazlat ash Sharqiya,nazlat-ash-sharqiya,village,west_bank,3,طولكرم,,,,32.276638,34.979389,approximate_generated,23,23,33,300,True,Names compiled from common locality lists; coordinates and fees require field validation.
1072,النزلة الوسطى,Nazlat al Wusta,nazlat-al-wusta,village,west_bank,3,طولكرم,,,,32.320142,35.166964,approximate_generated,23,23,33,300,True,Names compiled from common locality lists; coordinates and fees require field validation.
1073,النزلة الغربية,Nazlat al Gharbiya,nazlat-al-gharbiya,village,west_bank,3,طولكرم,,,,32.321747,34.999298,approximate_generated,23,23,33,300,True,Names compiled from common locality lists; coordinates and fees require field validation.
1074,مخيم طولكرم,Tulkarm Camp,tulkarm-camp,camp,west_bank,3,طولكرم,,,,32.258167,35.051211,approximate_generated,20,20,30,300,True,Names compiled from common locality lists; coordinates and fees require field validation.
1075,مخيم نور شمس,Nur Shams Camp,nur-shams-camp,camp,west_bank,3,طولكرم,,,,32.384353,35.107447,approximate_generated,20,20,30,300,True,Names compiled from common locality lists; coordinates and fees require field validation.
1076,قلقيلية,Qalqilya,qalqilya,city,west_bank,4,قلقيلية,,,,32.2,34.98,governorate_center,15,15,25,300,True,Names compiled from common locality lists; coordinates and fees require field validation.
1077,عزون,Azzun,azzun,town,west_bank,4,قلقيلية,,,,32.126911,34.991664,approximate_generated,20,20,30,300,True,Names compiled from common locality lists; coordinates and fees require field validation.
1078,حبلة,Habla,habla,town,west_bank,4,قلقيلية,,,,32.214229,34.999835,approximate_generated,20,20,30,300,True,Names compiled from common locality lists; coordinates and fees require field validation.
1079,جيوس,Jayyus,jayyus,town,west_bank,4,قلقيلية,,,,32.191205,34.889604,approximate_generated,20,20,30,300,True,Names compiled from common locality lists; coordinates and fees require field validation.
1080,كفر ثلث,Kafr Thulth,kafr-thulth,town,west_bank,4,قلقيلية,,,,32.155426,35.107409,approximate_generated,20,20,30,300,True,Names compiled from common locality lists; coordinates and fees require field validation.
1081,كفر قدوم,Kafr Qaddum,kafr-qaddum,village,west_bank,4,قلقيلية,,,,32.226663,34.966967,approximate_generated,23,23,33,300,True,Names compiled from common locality lists; coordinates and fees require field validation.
1082,كفر لاقف,Kafr Laqif,kafr-laqif,village,west_bank,4,قلقيلية,,,,32.146601,34.92958,approximate_generated,23,23,33,300,True,Names compiled from common locality lists; coordinates and fees require field validation.
1083,جيت,Jit,jit,village,west_bank,4,قلقيلية,,,,32.231813,35.138368,approximate_generated,23,23,33,300,True,Names compiled from common locality lists; coordinates and fees require field validation.
1084,فرعتا,Farata,farata,village,west_bank,4,قلقيلية,,,,32.214227,34.917328,approximate_generated,23,23,33,300,True,Names compiled from common locality lists; coordinates and fees require field validation.
1085,إماتين,Immatin,immatin,village,west_bank,4,قلقيلية,,,,32.136736,35.033833,approximate_generated,23,23,33,300,True,Names compiled from common locality lists; coordinates and fees require field validation.
1086,الفندق,Al Funduq,al-funduq,village,west_bank,4,قلقيلية,,,,32.21375,34.98784,approximate_generated,23,23,33,300,True,Names compiled from common locality lists; coordinates and fees require field validation.
1087,حجة,Hajja,hajja,village,west_bank,4,قلقيلية,,,,32.176447,34.906113,approximate_generated,23,23,33,300,True,Names compiled from common locality lists; coordinates and fees require field validation.
1088,باقة الحطب,Baqat al Hatab,baqat-al-hatab,village,west_bank,4,قلقيلية,,,,32.182928,35.121229,approximate_generated,23,23,33,300,True,Names compiled from common locality lists; coordinates and fees require field validation.
1089,كفر صور,Kafr Sur,kafr-sur,village,west_bank,4,قلقيلية,,,,32.219706,34.954807,approximate_generated,23,23,33,300,True,Names compiled from common locality lists; coordinates and fees require field validation.
1090,عزبة الطبيب,Izbat at Tabib,izbat-at-tabib,village,west_bank,4,قلقيلية,,,,32.143819,34.96677,approximate_generated,23,23,33,300,True,Names compiled from common locality lists; coordinates and fees require field validation.
1091,رأس عطية,Ras Atiya,ras-atiya,village,west_bank,4,قلقيلية,,,,32.257496,35.104019,approximate_generated,23,23,33,300,True,Names compiled from common locality lists; coordinates and fees require field validation.
1092,عسلة,Isla,isla,village,west_bank,4,قلقيلية,,,,32.201393,34.918652,approximate_generated,23,23,33,300,True,Names compiled from common locality lists; coordinates and fees require field validation.
1093,سنيريا,Sanniriya,sanniriya,village,west_bank,4,قلقيلية,,,,32.153216,35.065491,approximate_generated,23,23,33,300,True,Names compiled from common locality lists; coordinates and fees require field validation.
1094,بيت أمين,Beit Amin,beit-amin,village,west_bank,4,قلقيلية,,,,32.210878,34.979084,approximate_generated,23,23,33,300,True,Names compiled from common locality lists; coordinates and fees require field validation.
1095,عزون عتمة,Azzun Atma,azzun-atma,village,west_bank,4,قلقيلية,,,,32.166638,34.929389,approximate_generated,23,23,33,300,True,Names compiled from common locality lists; coordinates and fees require field validation.
1096,النبي إلياس,An Nabi Elyas,an-nabi-elyas,village,west_bank,4,قلقيلية,,,,32.210142,35.116964,approximate_generated,23,23,33,300,True,Names compiled from common locality lists; coordinates and fees require field validation.
1097,نابلس,Nablus,nablus,city,west_bank,5,نابلس,,,,32.22,35.26,governorate_center,15,15,25,300,True,Names compiled from common locality lists; coordinates and fees require field validation.
1098,حوارة,Huwwara,huwwara,town,west_bank,5,نابلس,,,,32.146911,35.271664,approximate_generated,20,20,30,300,True,Names compiled from common locality lists; coordinates and fees require field validation.
1099,عصيرة الشمالية,Asira ash Shamaliya,asira-ash-shamaliya,town,west_bank,5,نابلس,,,,32.234229,35.279835,approximate_generated,20,20,30,300,True,Names compiled from common locality lists; coordinates and fees require field validation.
1100,بيتا,Beita,beita,town,west_bank,5,نابلس,,,,32.211205,35.169604,approximate_generated,20,20,30,300,True,Names compiled from common locality lists; coordinates and fees require field validation.
1101,عقربا,Aqraba,aqraba,town,west_bank,5,نابلس,,,,32.175426,35.387409,approximate_generated,20,20,30,300,True,Names compiled from common locality lists; coordinates and fees require field validation.
1102,جماعين,Jammaein,jammaein,town,west_bank,5,نابلس,,,,32.246663,35.246967,approximate_generated,20,20,30,300,True,Names compiled from common locality lists; coordinates and fees require field validation.
1103,سبسطية,Sebastia,sebastia,town,west_bank,5,نابلس,,,,32.166601,35.20958,approximate_generated,20,20,30,300,True,Names compiled from common locality lists; coordinates and fees require field validation.
1104,تل,Tell,tell,town,west_bank,5,نابلس,,,,32.251813,35.418368,approximate_generated,20,20,30,300,True,Names compiled from common locality lists; coordinates and fees require field validation.
1105,قبلان,Qabalan,qabalan,town,west_bank,5,نابلس,,,,32.234227,35.197328,approximate_generated,20,20,30,300,True,Names compiled from common locality lists; coordinates and fees require field validation.
1106,بيت فوريك,Beit Furik,beit-furik,town,west_bank,5,نابلس,,,,32.156736,35.313833,approximate_generated,20,20,30,300,True,Names compiled from common locality lists; coordinates and fees require field validation.
1107,بلاطة البلد,Balata al Balad,balata-al-balad,village,west_bank,5,نابلس,,,,32.23375,35.26784,approximate_generated,23,23,33,300,True,Names compiled from common locality lists; coordinates and fees require field validation.
1108,روجيب,Rujeib,rujeib,village,west_bank,5,نابلس,,,,32.196447,35.186113,approximate_generated,23,23,33,300,True,Names compiled from common locality lists; coordinates and fees require field validation.
1109,بيت دجن,Beit Dajan,beit-dajan,village,west_bank,5,نابلس,,,,32.202928,35.401229,approximate_generated,23,23,33,300,True,Names compiled from common locality lists; coordinates and fees require field validation.
1110,سالم,Salim,salim,village,west_bank,5,نابلس,,,,32.239706,35.234807,approximate_generated,23,23,33,300,True,Names compiled from common locality lists; coordinates and fees require field validation.
1111,دير الحطب,Deir al Hatab,deir-al-hatab,village,west_bank,5,نابلس,,,,32.163819,35.24677,approximate_generated,23,23,33,300,True,Names compiled from common locality lists; coordinates and fees require field validation.
1112,عزموط,Azmut,azmut,village,west_bank,5,نابلس,,,,32.277496,35.384019,approximate_generated,23,23,33,300,True,Names compiled from common locality lists; coordinates and fees require field validation.
1113,عورتا,Awarta,awarta,village,west_bank,5,نابلس,,,,32.221393,35.198652,approximate_generated,23,23,33,300,True,Names compiled from common locality lists; coordinates and fees require field validation.
1114,أودلا,Odala,odala,village,west_bank,5,نابلس,,,,32.173216,35.345491,approximate_generated,23,23,33,300,True,Names compiled from common locality lists; coordinates and fees require field validation.
1115,مادما,Madama,madama,village,west_bank,5,نابلس,,,,32.230878,35.259084,approximate_generated,23,23,33,300,True,Names compiled from common locality lists; coordinates and fees require field validation.
1116,بورين,Burin,burin,village,west_bank,5,نابلس,,,,32.186638,35.209389,approximate_generated,23,23,33,300,True,Names compiled from common locality lists; coordinates and fees require field validation.
1117,عصيرة القبلية,Asira al Qibliya,asira-al-qibliya,village,west_bank,5,نابلس,,,,32.230142,35.396964,approximate_generated,23,23,33,300,True,Names compiled from common locality lists; coordinates and fees require field validation.
1118,عوريف,Urif,urif,village,west_bank,5,نابلس,,,,32.231747,35.229298,approximate_generated,23,23,33,300,True,Names compiled from common locality lists; coordinates and fees require field validation.
1119,عينابوس,Einabus,einabus,village,west_bank,5,نابلس,,,,32.168167,35.281211,approximate_generated,23,23,33,300,True,Names compiled from common locality lists; coordinates and fees require field validation.
1120,يتما,Yatma,yatma,village,west_bank,5,نابلس,,,,32.294353,35.337447,approximate_generated,23,23,33,300,True,Names compiled from common locality lists; coordinates and fees require field validation.
1121,أوصرين,Osarin,osarin,village,west_bank,5,نابلس,,,,32.210803,35.207604,approximate_generated,23,23,33,300,True,Names compiled from common locality lists; coordinates and fees require field validation.
1122,قريوت,Qaryut,qaryut,village,west_bank,5,نابلس,,,,32.193662,35.363675,approximate_generated,23,23,33,300,True,Names compiled from common locality lists; coordinates and fees require field validation.
1123,جالود,Jalud,jalud,village,west_bank,5,نابلس,,,,32.307972,35.193039,approximate_generated,23,23,33,300,True,Names compiled from common locality lists; coordinates and fees require field validation.
1124,تلفيت,Talfit,talfit,village,west_bank,5,نابلس,,,,32.182425,35.235436,approximate_generated,23,23,33,300,True,Names compiled from common locality lists; coordinates and fees require field validation.
1125,قصرة,Qusra,qusra,village,west_bank,5,نابلس,,,,32.253732,35.376661,approximate_generated,23,23,33,300,True,Names compiled from common locality lists; coordinates and fees require field validation.
1126,جوريش,Jurish,jurish,village,west_bank,5,نابلس,,,,32.224344,35.230023,approximate_generated,23,23,33,300,True,Names compiled from common locality lists; coordinates and fees require field validation.
1127,مجدل بني فاضل,Majdal Bani Fadil,majdal-bani-fadil,village,west_bank,5,نابلس,,,,32.178275,35.308793,approximate_generated,23,23,33,300,True,Names compiled from common locality lists; coordinates and fees require field validation.
1128,دوما,Duma,duma,village,west_bank,5,نابلس,,,,32.300985,35.285285,approximate_generated,23,23,33,300,True,Names compiled from common locality lists; coordinates and fees require field validation.
1129,اللبن الشرقية,Al Lubban ash Sharqiya,al-lubban-ash-sharqiya,village,west_bank,5,نابلس,,,,32.20363,35.22158,approximate_generated,23,23,33,300,True,Names compiled from common locality lists; coordinates and fees require field validation.
1130,الساوية,As Sawiya,as-sawiya,village,west_bank,5,نابلس,,,,32.215113,35.367433,approximate_generated,23,23,33,300,True,Names compiled from common locality lists; coordinates and fees require field validation.
1131,زواتا,Zawata,zawata,village,west_bank,5,نابلس,,,,32.287415,35.146576,approximate_generated,23,23,33,300,True,Names compiled from common locality lists; coordinates and fees require field validation.
1132,بيت إيبا,Beit Iba,beit-iba,village,west_bank,5,نابلس,,,,32.18359,35.260333,approximate_generated,23,23,33,300,True,Names compiled from common locality lists; coordinates and fees require field validation.
1133,دير شرف,Deir Sharaf,deir-sharaf,village,west_bank,5,نابلس,,,,32.27109,35.34424,approximate_generated,23,23,33,300,True,Names compiled from common locality lists; coordinates and fees require field validation.
1134,الناقورة,An Naqura,an-naqura,village,west_bank,5,نابلس,,,,32.218749,35.235505,approximate_generated,23,23,33,300,True,Names compiled from common locality lists; coordinates and fees require field validation.
1135,اجنسنيا,Ijnisinya,ijnisinya,village,west_bank,5,نابلس,,,,32.192142,35.32676,approximate_generated,23,23,33,300,True,Names compiled from common locality lists; coordinates and fees require field validation.
1136,نصف جبيل,Nisf Jubeil,nisf-jubeil,village,west_bank,5,نابلس,,,,32.297378,35.234382,approximate_generated,23,23,33,300,True,Names compiled from common locality lists; coordinates and fees require field validation.
1137,بيت امرين,Beit Imrin,beit-imrin,village,west_bank,5,نابلس,,,,32.200354,35.23753,approximate_generated,23,23,33,300,True,Names compiled from common locality lists; coordinates and fees require field validation.
1138,طلوزة,Talluza,talluza,village,west_bank,5,نابلس,,,,32.23475,35.357789,approximate_generated,23,23,33,300,True,Names compiled from common locality lists; coordinates and fees require field validation.
1139,ياصيد,Yasid,yasid,village,west_bank,5,نابلس,,,,32.260315,35.117103,approximate_generated,23,23,33,300,True,Names compiled from common locality lists; coordinates and fees require field validation.
1140,الباذان,Al Badhan,al-badhan,village,west_bank,5,نابلس,,,,32.189163,35.280798,approximate_generated,23,23,33,300,True,Names compiled from common locality lists; coordinates and fees require field validation.
1141,النصارية,An Nassariya,an-nassariya,village,west_bank,5,نابلس,,,,32.280624,35.304848,approximate_generated,23,23,33,300,True,Names compiled from common locality lists; coordinates and fees require field validation.
1142,عين شبلي,Ein Shibli,ein-shibli,village,west_bank,5,نابلس,,,,32.215711,35.243555,approximate_generated,23,23,33,300,True,Names compiled from common locality lists; coordinates and fees require field validation.
1143,مخيم بلاطة,Balata Camp,balata-camp,camp,west_bank,5,نابلس,,,,32.207466,35.333969,approximate_generated,20,20,30,300,True,Names compiled from common locality lists; coordinates and fees require field validation.
1144,مخيم عسكر,Askar Camp,askar-camp,camp,west_bank,5,نابلس,,,,32.284811,35.190909,approximate_generated,20,20,30,300,True,Names compiled from common locality lists; coordinates and fees require field validation.
1145,مخيم العين,Al Ein Camp,al-ein-camp,camp,west_bank,5,نابلس,,,,32.200748,35.252491,approximate_generated,20,20,30,300,True,Names compiled from common locality lists; coordinates and fees require field validation.
1146,سلفيت,Salfit,salfit,city,west_bank,6,سلفيت,,,,32.08,35.18,governorate_center,15,15,25,300,True,Names compiled from common locality lists; coordinates and fees require field validation.
1147,بديا,Biddya,biddya,town,west_bank,6,سلفيت,,,,32.006911,35.191664,approximate_generated,20,20,30,300,True,Names compiled from common locality lists; coordinates and fees require field validation.
1148,الزاوية,Az Zawiya,az-zawiya,town,west_bank,6,سلفيت,,,,32.094229,35.199835,approximate_generated,20,20,30,300,True,Names compiled from common locality lists; coordinates and fees require field validation.
1149,دير بلوط,Deir Ballut,deir-ballut,town,west_bank,6,سلفيت,,,,32.071205,35.089604,approximate_generated,20,20,30,300,True,Names compiled from common locality lists; coordinates and fees require field validation.
1150,كفل حارس,Kifl Haris,kifl-haris,town,west_bank,6,سلفيت,,,,32.035426,35.307409,approximate_generated,20,20,30,300,True,Names compiled from common locality lists; coordinates and fees require field validation.
1151,قراوة بني حسان,Qarawat Bani Hassan,qarawat-bani-hassan,town,west_bank,6,سلفيت,,,,32.106663,35.166967,approximate_generated,20,20,30,300,True,Names compiled from common locality lists; coordinates and fees require field validation.
1152,بروقين,Bruqin,bruqin,town,west_bank,6,سلفيت,,,,32.026601,35.12958,approximate_generated,20,20,30,300,True,Names compiled from common locality lists; coordinates and fees require field validation.
1153,حارس,Haris,haris,village,west_bank,6,سلفيت,,,,32.111813,35.338368,approximate_generated,23,23,33,300,True,Names compiled from common locality lists; coordinates and fees require field validation.
1154,مردا,Marda,marda,village,west_bank,6,سلفيت,,,,32.094227,35.117328,approximate_generated,23,23,33,300,True,Names compiled from common locality lists; coordinates and fees require field validation.
1155,ياسوف,Yasuf,yasuf,village,west_bank,6,سلفيت,,,,32.016736,35.233833,approximate_generated,23,23,33,300,True,Names compiled from common locality lists; coordinates and fees require field validation.
1156,اسكاكا,Iskaka,iskaka,village,west_bank,6,سلفيت,,,,32.09375,35.18784,approximate_generated,23,23,33,300,True,Names compiled from common locality lists; coordinates and fees require field validation.
1157,فرخة,Farkha,farkha,village,west_bank,6,سلفيت,,,,32.056447,35.106113,approximate_generated,23,23,33,300,True,Names compiled from common locality lists; coordinates and fees require field validation.
1158,كفر الديك,Kafr ad Dik,kafr-ad-dik,town,west_bank,6,سلفيت,,,,32.062928,35.321229,approximate_generated,20,20,30,300,True,Names compiled from common locality lists; coordinates and fees require field validation.
1159,سرطة,Sarta,sarta,village,west_bank,6,سلفيت,,,,32.099706,35.154807,approximate_generated,23,23,33,300,True,Names compiled from common locality lists; coordinates and fees require field validation.
1160,رافات,Rafat,rafat,village,west_bank,6,سلفيت,,,,32.023819,35.16677,approximate_generated,23,23,33,300,True,Names compiled from common locality lists; coordinates and fees require field validation.
1161,قيرة,Qira,qira,village,west_bank,6,سلفيت,,,,32.137496,35.304019,approximate_generated,23,23,33,300,True,Names compiled from common locality lists; coordinates and fees require field validation.
1162,مسحة,Mas-ha,mas-ha,village,west_bank,6,سلفيت,,,,32.081393,35.118652,approximate_generated,23,23,33,300,True,Names compiled from common locality lists; coordinates and fees require field validation.
1163,دير استيا,Deir Istiya,deir-istiya,town,west_bank,6,سلفيت,,,,32.033216,35.265491,approximate_generated,20,20,30,300,True,Names compiled from common locality lists; coordinates and fees require field validation.
1164,زيتا جماعين,Zeita Jammaein,zeita-jammaein,village,west_bank,6,سلفيت,,,,32.090878,35.179084,approximate_generated,23,23,33,300,True,Names compiled from common locality lists; coordinates and fees require field validation.
1165,عمورية,Ammuriya,ammuriya,village,west_bank,6,سلفيت,,,,32.046638,35.129389,approximate_generated,23,23,33,300,True,Names compiled from common locality lists; coordinates and fees require field validation.
1166,رام الله,Ramallah,ramallah,city,west_bank,7,رام الله والبيرة,,,,31.9,35.2,governorate_center,15,15,25,300,True,Names compiled from common locality lists; coordinates and fees require field validation.
1167,البيرة,Al-Bireh,al-bireh,city,west_bank,7,رام الله والبيرة,,,,31.826911,35.211664,approximate_generated,15,15,25,300,True,Names compiled from common locality lists; coordinates and fees require field validation.
1168,بيتونيا,Beitunia,beitunia,city,west_bank,7,رام الله والبيرة,,,,31.914229,35.219835,approximate_generated,15,15,25,300,True,Names compiled from common locality lists; coordinates and fees require field validation.
1169,بيرزيت,Birzeit,birzeit,town,west_bank,7,رام الله والبيرة,,,,31.891205,35.109604,approximate_generated,20,20,30,300,True,Names compiled from common locality lists; coordinates and fees require field validation.
1170,سلواد,Silwad,silwad,town,west_bank,7,رام الله والبيرة,,,,31.855426,35.327409,approximate_generated,20,20,30,300,True,Names compiled from common locality lists; coordinates and fees require field validation.
1171,سنجل,Sinjil,sinjil,town,west_bank,7,رام الله والبيرة,,,,31.926663,35.186967,approximate_generated,20,20,30,300,True,Names compiled from common locality lists; coordinates and fees require field validation.
1172,ترمسعيا,Turmus Ayya,turmus-ayya,town,west_bank,7,رام الله والبيرة,,,,31.846601,35.14958,approximate_generated,20,20,30,300,True,Names compiled from common locality lists; coordinates and fees require field validation.
1173,بيت ريما,Beit Rima,beit-rima,town,west_bank,7,رام الله والبيرة,,,,31.931813,35.358368,approximate_generated,20,20,30,300,True,Names compiled from common locality lists; coordinates and fees require field validation.
1174,دير دبوان,Deir Dibwan,deir-dibwan,town,west_bank,7,رام الله والبيرة,,,,31.914227,35.137328,approximate_generated,20,20,30,300,True,Names compiled from common locality lists; coordinates and fees require field validation.
1175,عابود,Aboud,aboud,town,west_bank,7,رام الله والبيرة,,,,31.836736,35.253833,approximate_generated,20,20,30,300,True,Names compiled from common locality lists; coordinates and fees require field validation.
1176,دير غسانة,Deir Ghassana,deir-ghassana,village,west_bank,7,رام الله والبيرة,,,,31.91375,35.20784,approximate_generated,23,23,33,300,True,Names compiled from common locality lists; coordinates and fees require field validation.
1177,كوبر,Kobar,kobar,village,west_bank,7,رام الله والبيرة,,,,31.876447,35.126113,approximate_generated,23,23,33,300,True,Names compiled from common locality lists; coordinates and fees require field validation.
1178,أبو قش,Abu Qash,abu-qash,village,west_bank,7,رام الله والبيرة,,,,31.882928,35.341229,approximate_generated,23,23,33,300,True,Names compiled from common locality lists; coordinates and fees require field validation.
1179,عين يبرود,Ein Yabrud,ein-yabrud,village,west_bank,7,رام الله والبيرة,,,,31.919706,35.174807,approximate_generated,23,23,33,300,True,Names compiled from common locality lists; coordinates and fees require field validation.
1180,الطيبة,At Tayba,at-tayba,village,west_bank,7,رام الله والبيرة,,,,31.843819,35.18677,approximate_generated,23,23,33,300,True,Names compiled from common locality lists; coordinates and fees require field validation.
1181,المزرعة الشرقية,Al Mazraa ash Sharqiya,al-mazraa-ash-sharqiya,village,west_bank,7,رام الله والبيرة,,,,31.957496,35.324019,approximate_generated,23,23,33,300,True,Names compiled from common locality lists; coordinates and fees require field validation.
1182,جفنا,Jifna,jifna,village,west_bank,7,رام الله والبيرة,,,,31.901393,35.138652,approximate_generated,23,23,33,300,True,Names compiled from common locality lists; coordinates and fees require field validation.
1183,عين سينيا,Ein Siniya,ein-siniya,village,west_bank,7,رام الله والبيرة,,,,31.853216,35.285491,approximate_generated,23,23,33,300,True,Names compiled from common locality lists; coordinates and fees require field validation.
1184,يبرود,Yabrud,yabrud,village,west_bank,7,رام الله والبيرة,,,,31.910878,35.199084,approximate_generated,23,23,33,300,True,Names compiled from common locality lists; coordinates and fees require field validation.
1185,دورا القرع,Dura al Qar,dura-al-qar,village,west_bank,7,رام الله والبيرة,,,,31.866638,35.149389,approximate_generated,23,23,33,300,True,Names compiled from common locality lists; coordinates and fees require field validation.
1186,مخماس,Mikhmas,mikhmas,village,west_bank,7,رام الله والبيرة,,,,31.910142,35.336964,approximate_generated,23,23,33,300,True,Names compiled from common locality lists; coordinates and fees require field validation.
1187,برقة,Burqa,burqa,village,west_bank,7,رام الله والبيرة,,,,31.911747,35.169298,approximate_generated,23,23,33,300,True,Names compiled from common locality lists; coordinates and fees require field validation.
1188,كفر مالك,Kafr Malik,kafr-malik,village,west_bank,7,رام الله والبيرة,,,,31.848167,35.221211,approximate_generated,23,23,33,300,True,Names compiled from common locality lists; coordinates and fees require field validation.
1189,المغير,Al Mughayyir,al-mughayyir,village,west_bank,7,رام الله والبيرة,,,,31.974353,35.277447,approximate_generated,23,23,33,300,True,Names compiled from common locality lists; coordinates and fees require field validation.
1190,دير جرير,Deir Jarir,deir-jarir,village,west_bank,7,رام الله والبيرة,,,,31.890803,35.147604,approximate_generated,23,23,33,300,True,Names compiled from common locality lists; coordinates and fees require field validation.
1191,رمون,Ramon,ramon,village,west_bank,7,رام الله والبيرة,,,,31.873662,35.303675,approximate_generated,23,23,33,300,True,Names compiled from common locality lists; coordinates and fees require field validation.
1192,بيت عور التحتا,Beit Ur at Tahta,beit-ur-at-tahta,village,west_bank,7,رام الله والبيرة,,,,31.987972,35.133039,approximate_generated,23,23,33,300,True,Names compiled from common locality lists; coordinates and fees require field validation.
1193,بيت عور الفوقا,Beit Ur al Fauqa,beit-ur-al-fauqa,village,west_bank,7,رام الله والبيرة,,,,31.862425,35.175436,approximate_generated,23,23,33,300,True,Names compiled from common locality lists; coordinates and fees require field validation.
1194,صفا,Saffa,saffa,village,west_bank,7,رام الله والبيرة,,,,31.933732,35.316661,approximate_generated,23,23,33,300,True,Names compiled from common locality lists; coordinates and fees require field validation.
1195,بلعين,Bilin,bilin,village,west_bank,7,رام الله والبيرة,,,,31.904344,35.170023,approximate_generated,23,23,33,300,True,Names compiled from common locality lists; coordinates and fees require field validation.
1196,نعلين,Nilin,nilin,town,west_bank,7,رام الله والبيرة,,,,31.858275,35.248793,approximate_generated,20,20,30,300,True,Names compiled from common locality lists; coordinates and fees require field validation.
1197,شقبا,Shuqba,shuqba,village,west_bank,7,رام الله والبيرة,,,,31.980985,35.225285,approximate_generated,23,23,33,300,True,Names compiled from common locality lists; coordinates and fees require field validation.
1198,رنتيس,Rantis,rantis,village,west_bank,7,رام الله والبيرة,,,,31.88363,35.16158,approximate_generated,23,23,33,300,True,Names compiled from common locality lists; coordinates and fees require field validation.
1199,دير أبو مشعل,Deir Abu Mashal,deir-abu-mashal,village,west_bank,7,رام الله والبيرة,,,,31.895113,35.307433,approximate_generated,23,23,33,300,True,Names compiled from common locality lists; coordinates and fees require field validation.
1200,عجول,Ajjul,ajjul,village,west_bank,7,رام الله والبيرة,,,,31.967415,35.086576,approximate_generated,23,23,33,300,True,Names compiled from common locality lists; coordinates and fees require field validation.
1201,عطارة,Atara,atara,village,west_bank,7,رام الله والبيرة,,,,31.86359,35.200333,approximate_generated,23,23,33,300,True,Names compiled from common locality lists; coordinates and fees require field validation.
1202,أم صفا,Umm Safa,umm-safa,village,west_bank,7,رام الله والبيرة,,,,31.95109,35.28424,approximate_generated,23,23,33,300,True,Names compiled from common locality lists; coordinates and fees require field validation.
1203,النبي صالح,An Nabi Salih,an-nabi-salih,village,west_bank,7,رام الله والبيرة,,,,31.898749,35.175505,approximate_generated,23,23,33,300,True,Names compiled from common locality lists; coordinates and fees require field validation.
1204,دير نظام,Deir Nidham,deir-nidham,village,west_bank,7,رام الله والبيرة,,,,31.872142,35.26676,approximate_generated,23,23,33,300,True,Names compiled from common locality lists; coordinates and fees require field validation.
1205,عبوين,Abwein,abwein,village,west_bank,7,رام الله والبيرة,,,,31.977378,35.174382,approximate_generated,23,23,33,300,True,Names compiled from common locality lists; coordinates and fees require field validation.
1206,عارورة,Arura,arura,village,west_bank,7,رام الله والبيرة,,,,31.880354,35.17753,approximate_generated,23,23,33,300,True,Names compiled from common locality lists; coordinates and fees require field validation.
1207,جلجليا,Jiljilya,jiljilya,village,west_bank,7,رام الله والبيرة,,,,31.91475,35.297789,approximate_generated,23,23,33,300,True,Names compiled from common locality lists; coordinates and fees require field validation.
1208,مزارع النوباني,Mazari an Nubani,mazari-an-nubani,village,west_bank,7,رام الله والبيرة,,,,31.940315,35.057103,approximate_generated,23,23,33,300,True,Names compiled from common locality lists; coordinates and fees require field validation.
1209,قراوة بني زيد,Qarawat Bani Zeid,qarawat-bani-zeid,town,west_bank,7,رام الله والبيرة,,,,31.869163,35.220798,approximate_generated,20,20,30,300,True,Names compiled from common locality lists; coordinates and fees require field validation.
1210,دير السودان,Deir as Sudan,deir-as-sudan,village,west_bank,7,رام الله والبيرة,,,,31.960624,35.244848,approximate_generated,23,23,33,300,True,Names compiled from common locality lists; coordinates and fees require field validation.
1211,كفر عين,Kafr Ein,kafr-ein,village,west_bank,7,رام الله والبيرة,,,,31.895711,35.183555,approximate_generated,23,23,33,300,True,Names compiled from common locality lists; coordinates and fees require field validation.
1212,دير عمار,Deir Ammar,deir-ammar,camp,west_bank,7,رام الله والبيرة,,,,31.887466,35.273969,approximate_generated,20,20,30,300,True,Names compiled from common locality lists; coordinates and fees require field validation.
1213,الجلزون,Al Jalazun Camp,al-jalazun-camp,camp,west_bank,7,رام الله والبيرة,,,,31.964811,35.130909,approximate_generated,20,20,30,300,True,Names compiled from common locality lists; coordinates and fees require field validation.
1214,الأمعري,Al Amari Camp,al-amari-camp,camp,west_bank,7,رام الله والبيرة,,,,31.880748,35.192491,approximate_generated,20,20,30,300,True,Names compiled from common locality lists; coordinates and fees require field validation.
1215,قدورة,Qaddura Camp,qaddura-camp,camp,west_bank,7,رام الله والبيرة,,,,31.930267,35.277437,approximate_generated,20,20,30,300,True,Names compiled from common locality lists; coordinates and fees require field validation.
1216,أريحا,Jericho,jericho,city,west_bank,8,أريحا والأغوار,,,,31.86,35.46,governorate_center,15,15,25,300,True,Names compiled from common locality lists; coordinates and fees require field validation.
1217,العوجا,Al Auja,al-auja,town,west_bank,8,أريحا والأغوار,,,,31.757675,35.476329,approximate_generated,20,20,30,300,True,Names compiled from common locality lists; coordinates and fees require field validation.
1218,النويعمة,An Nuweima,an-nuweima,village,west_bank,8,أريحا والأغوار,,,,31.879921,35.487769,approximate_generated,23,23,33,300,True,Names compiled from common locality lists; coordinates and fees require field validation.
1219,الديوك,Ad Duyuk,ad-duyuk,village,west_bank,8,أريحا والأغوار,,,,31.847687,35.333445,approximate_generated,23,23,33,300,True,Names compiled from common locality lists; coordinates and fees require field validation.
1220,عين الديوك,Ein ad Duyuk,ein-ad-duyuk,village,west_bank,8,أريحا والأغوار,,,,31.797597,35.638372,approximate_generated,23,23,33,300,True,Names compiled from common locality lists; coordinates and fees require field validation.
1221,فصايل,Fasayil,fasayil,village,west_bank,8,أريحا والأغوار,,,,31.897329,35.441753,approximate_generated,23,23,33,300,True,Names compiled from common locality lists; coordinates and fees require field validation.
1222,مرج نعجة,Marj Naja,marj-naja,village,west_bank,8,أريحا والأغوار,,,,31.785242,35.389411,approximate_generated,23,23,33,300,True,Names compiled from common locality lists; coordinates and fees require field validation.
1223,الزبيدات,Az Zubeidat,az-zubeidat,village,west_bank,8,أريحا والأغوار,,,,31.904538,35.681715,approximate_generated,23,23,33,300,True,Names compiled from common locality lists; coordinates and fees require field validation.
1224,الجفتلك,Al Jiftlik,al-jiftlik,village,west_bank,8,أريحا والأغوار,,,,31.879918,35.37226,approximate_generated,23,23,33,300,True,Names compiled from common locality lists; coordinates and fees require field validation.
1225,بردلة الأغوار,Bardala Al Aghwar,bardala-al-aghwar,village,west_bank,8,أريحا والأغوار,,,,31.77143,35.535366,approximate_generated,23,23,33,300,True,Names compiled from common locality lists; coordinates and fees require field validation.
1226,النبي موسى,An Nabi Musa,an-nabi-musa,village,west_bank,8,أريحا والأغوار,,,,31.87925,35.470976,approximate_generated,23,23,33,300,True,Names compiled from common locality lists; coordinates and fees require field validation.
1227,عقبة جبر,Aqabat Jabr Camp,aqabat-jabr-camp,camp,west_bank,8,أريحا والأغوار,,,,31.827026,35.356558,approximate_generated,20,20,30,300,True,Names compiled from common locality lists; coordinates and fees require field validation.
1228,عين السلطان,Ein as Sultan Camp,ein-as-sultan-camp,camp,west_bank,8,أريحا والأغوار,,,,31.836099,35.657721,approximate_generated,20,20,30,300,True,Names compiled from common locality lists; coordinates and fees require field validation.
1229,القدس,Jerusalem,jerusalem,city,jerusalem,9,القدس,,,,31.78,35.22,governorate_center,20,20,30,300,True,Names compiled from common locality lists; coordinates and fees require field validation.
1230,بيت حنينا,Beit Hanina,beit-hanina,neighborhood,jerusalem,9,القدس,,,,31.706911,35.231664,approximate_generated,23,23,33,300,True,Names compiled from common locality lists; coordinates and fees require field validation.
1231,شعفاط,Shuafat,shuafat,neighborhood,jerusalem,9,القدس,,,,31.794229,35.239835,approximate_generated,23,23,33,300,True,Names compiled from common locality lists; coordinates and fees require field validation.
1232,مخيم شعفاط,Shuafat Camp,shuafat-camp,camp,jerusalem,9,القدس,,,,31.771205,35.129604,approximate_generated,25,25,35,300,True,Names compiled from common locality lists; coordinates and fees require field validation.
1233,العيسوية,Al Isawiya,al-isawiya,neighborhood,jerusalem,9,القدس,,,,31.735426,35.347409,approximate_generated,23,23,33,300,True,Names compiled from common locality lists; coordinates and fees require field validation.
1234,الطور,At Tur,at-tur,neighborhood,jerusalem,9,القدس,,,,31.806663,35.206967,approximate_generated,23,23,33,300,True,Names compiled from common locality lists; coordinates and fees require field validation.
1235,وادي الجوز,Wadi al Joz,wadi-al-joz,neighborhood,jerusalem,9,القدس,,,,31.726601,35.16958,approximate_generated,23,23,33,300,True,Names compiled from common locality lists; coordinates and fees require field validation.
1236,الشيخ جراح,Sheikh Jarrah,sheikh-jarrah,neighborhood,jerusalem,9,القدس,,,,31.811813,35.378368,approximate_generated,23,23,33,300,True,Names compiled from common locality lists; coordinates and fees require field validation.
1237,باب الساهرة,Herod Gate Area,herod-gate-area,neighborhood,jerusalem,9,القدس,,,,31.794227,35.157328,approximate_generated,23,23,33,300,True,Names compiled from common locality lists; coordinates and fees require field validation.
1238,البلدة القديمة,Old City,old-city,neighborhood,jerusalem,9,القدس,,,,31.716736,35.273833,approximate_generated,23,23,33,300,True,Names compiled from common locality lists; coordinates and fees require field validation.
1239,سلوان,Silwan,silwan,neighborhood,jerusalem,9,القدس,,,,31.79375,35.22784,approximate_generated,23,23,33,300,True,Names compiled from common locality lists; coordinates and fees require field validation.
1240,الثوري,Ath Thuri,ath-thuri,neighborhood,jerusalem,9,القدس,,,,31.756447,35.146113,approximate_generated,23,23,33,300,True,Names compiled from common locality lists; coordinates and fees require field validation.
1241,جبل المكبر,Jabal al Mukabber,jabal-al-mukabber,neighborhood,jerusalem,9,القدس,,,,31.762928,35.361229,approximate_generated,23,23,33,300,True,Names compiled from common locality lists; coordinates and fees require field validation.
1242,صور باهر,Sur Baher,sur-baher,neighborhood,jerusalem,9,القدس,,,,31.799706,35.194807,approximate_generated,23,23,33,300,True,Names compiled from common locality lists; coordinates and fees require field validation.
1243,أم طوبا,Umm Tuba,umm-tuba,neighborhood,jerusalem,9,القدس,,,,31.723819,35.20677,approximate_generated,23,23,33,300,True,Names compiled from common locality lists; coordinates and fees require field validation.
1244,بيت صفافا,Beit Safafa,beit-safafa,neighborhood,jerusalem,9,القدس,,,,31.837496,35.344019,approximate_generated,23,23,33,300,True,Names compiled from common locality lists; coordinates and fees require field validation.
1245,شرفات,Sharafat,sharafat,neighborhood,jerusalem,9,القدس,,,,31.781393,35.158652,approximate_generated,23,23,33,300,True,Names compiled from common locality lists; coordinates and fees require field validation.
1246,العيسوية الشرقية,East Isawiya,east-isawiya,neighborhood,jerusalem,9,القدس,,,,31.733216,35.305491,approximate_generated,23,23,33,300,True,Names compiled from common locality lists; coordinates and fees require field validation.
1247,كفر عقب,Kafr Aqab,kafr-aqab,neighborhood,jerusalem,9,القدس,,,,31.790878,35.219084,approximate_generated,23,23,33,300,True,Names compiled from common locality lists; coordinates and fees require field validation.
1248,قلنديا,Qalandiya,qalandiya,town,jerusalem,9,القدس,,,,31.746638,35.169389,approximate_generated,25,25,35,300,True,Names compiled from common locality lists; coordinates and fees require field validation.
1249,الرام,Ar Ram,ar-ram,town,jerusalem,9,القدس,,,,31.790142,35.356964,approximate_generated,25,25,35,300,True,Names compiled from common locality lists; coordinates and fees require field validation.
1250,العيزرية,Al Eizariya,al-eizariya,town,jerusalem,9,القدس,,,,31.791747,35.189298,approximate_generated,25,25,35,300,True,Names compiled from common locality lists; coordinates and fees require field validation.
1251,أبو ديس,Abu Dis,abu-dis,town,jerusalem,9,القدس,,,,31.728167,35.241211,approximate_generated,25,25,35,300,True,Names compiled from common locality lists; coordinates and fees require field validation.
1252,السواحرة الشرقية,As Sawahira ash Sharqiya,as-sawahira-ash-sharqiya,town,jerusalem,9,القدس,,,,31.854353,35.297447,approximate_generated,25,25,35,300,True,Names compiled from common locality lists; coordinates and fees require field validation.
1253,حزما,Hizma,hizma,town,jerusalem,9,القدس,,,,31.770803,35.167604,approximate_generated,25,25,35,300,True,Names compiled from common locality lists; coordinates and fees require field validation.
1254,عناتا,Anata,anata,town,jerusalem,9,القدس,,,,31.753662,35.323675,approximate_generated,25,25,35,300,True,Names compiled from common locality lists; coordinates and fees require field validation.
1255,بدو,Biddu,biddu,town,jerusalem,9,القدس,,,,31.867972,35.153039,approximate_generated,25,25,35,300,True,Names compiled from common locality lists; coordinates and fees require field validation.
1256,قطنة,Qatanna,qatanna,village,jerusalem,9,القدس,,,,31.742425,35.195436,approximate_generated,28,28,38,300,True,Names compiled from common locality lists; coordinates and fees require field validation.
1257,بيت سوريك,Beit Surik,beit-surik,village,jerusalem,9,القدس,,,,31.813732,35.336661,approximate_generated,28,28,38,300,True,Names compiled from common locality lists; coordinates and fees require field validation.
1258,بيت إكسا,Beit Iksa,beit-iksa,village,jerusalem,9,القدس,,,,31.784344,35.190023,approximate_generated,28,28,38,300,True,Names compiled from common locality lists; coordinates and fees require field validation.
1259,الجيب,Al Jib,al-jib,village,jerusalem,9,القدس,,,,31.738275,35.268793,approximate_generated,28,28,38,300,True,Names compiled from common locality lists; coordinates and fees require field validation.
1260,بير نبالا,Bir Nabala,bir-nabala,village,jerusalem,9,القدس,,,,31.860985,35.245285,approximate_generated,28,28,38,300,True,Names compiled from common locality lists; coordinates and fees require field validation.
1261,الجديرة,Al Judeira,al-judeira,village,jerusalem,9,القدس,,,,31.76363,35.18158,approximate_generated,28,28,38,300,True,Names compiled from common locality lists; coordinates and fees require field validation.
1262,بيت دقو,Beit Duqqu,beit-duqqu,village,jerusalem,9,القدس,,,,31.775113,35.327433,approximate_generated,28,28,38,300,True,Names compiled from common locality lists; coordinates and fees require field validation.
1263,بيت عنان,Beit Anan,beit-anan,village,jerusalem,9,القدس,,,,31.847415,35.106576,approximate_generated,28,28,38,300,True,Names compiled from common locality lists; coordinates and fees require field validation.
1264,القبيبة,Al Qubeiba,al-qubeiba,village,jerusalem,9,القدس,,,,31.74359,35.220333,approximate_generated,28,28,38,300,True,Names compiled from common locality lists; coordinates and fees require field validation.
1265,رافات القدس,Rafat Jerusalem,rafat-jerusalem,village,jerusalem,9,القدس,,,,31.83109,35.30424,approximate_generated,28,28,38,300,True,Names compiled from common locality lists; coordinates and fees require field validation.
1266,بيت لحم,Bethlehem,bethlehem,city,west_bank,10,بيت لحم,,,,31.7,35.2,governorate_center,15,15,25,300,True,Names compiled from common locality lists; coordinates and fees require field validation.
1267,بيت جالا,Beit Jala,beit-jala,city,west_bank,10,بيت لحم,,,,31.626911,35.211664,approximate_generated,15,15,25,300,True,Names compiled from common locality lists; coordinates and fees require field validation.
1268,بيت ساحور,Beit Sahour,beit-sahour,city,west_bank,10,بيت لحم,,,,31.714229,35.219835,approximate_generated,15,15,25,300,True,Names compiled from common locality lists; coordinates and fees require field validation.
1269,الخضر,Al Khader,al-khader,town,west_bank,10,بيت لحم,,,,31.691205,35.109604,approximate_generated,20,20,30,300,True,Names compiled from common locality lists; coordinates and fees require field validation.
1270,الدوحة,Ad Doha,ad-doha,city,west_bank,10,بيت لحم,,,,31.655426,35.327409,approximate_generated,15,15,25,300,True,Names compiled from common locality lists; coordinates and fees require field validation.
1271,تقوع,Tuqu,tuqu,town,west_bank,10,بيت لحم,,,,31.726663,35.186967,approximate_generated,20,20,30,300,True,Names compiled from common locality lists; coordinates and fees require field validation.
1272,العبيدية,Al Ubeidiya,al-ubeidiya,town,west_bank,10,بيت لحم,,,,31.646601,35.14958,approximate_generated,20,20,30,300,True,Names compiled from common locality lists; coordinates and fees require field validation.
1273,زعترة,Zaatara,zaatara,village,west_bank,10,بيت لحم,,,,31.731813,35.358368,approximate_generated,23,23,33,300,True,Names compiled from common locality lists; coordinates and fees require field validation.
1274,بيت فجار,Beit Fajjar,beit-fajjar,town,west_bank,10,بيت لحم,,,,31.714227,35.137328,approximate_generated,20,20,30,300,True,Names compiled from common locality lists; coordinates and fees require field validation.
1275,نحالين,Nahalin,nahalin,town,west_bank,10,بيت لحم,,,,31.636736,35.253833,approximate_generated,20,20,30,300,True,Names compiled from common locality lists; coordinates and fees require field validation.
1276,حوسان,Husan,husan,village,west_bank,10,بيت لحم,,,,31.71375,35.20784,approximate_generated,23,23,33,300,True,Names compiled from common locality lists; coordinates and fees require field validation.
1277,بتير,Battir,battir,village,west_bank,10,بيت لحم,,,,31.676447,35.126113,approximate_generated,23,23,33,300,True,Names compiled from common locality lists; coordinates and fees require field validation.
1278,وادي فوكين,Wadi Fukin,wadi-fukin,village,west_bank,10,بيت لحم,,,,31.682928,35.341229,approximate_generated,23,23,33,300,True,Names compiled from common locality lists; coordinates and fees require field validation.
1279,الولجة,Al Walaja,al-walaja,village,west_bank,10,بيت لحم,,,,31.719706,35.174807,approximate_generated,23,23,33,300,True,Names compiled from common locality lists; coordinates and fees require field validation.
1280,الخاص,Al Khas,al-khas,village,west_bank,10,بيت لحم,,,,31.643819,35.18677,approximate_generated,23,23,33,300,True,Names compiled from common locality lists; coordinates and fees require field validation.
1281,النعمان,An Numan,an-numan,village,west_bank,10,بيت لحم,,,,31.757496,35.324019,approximate_generated,23,23,33,300,True,Names compiled from common locality lists; coordinates and fees require field validation.
1282,دار صلاح,Dar Salah,dar-salah,village,west_bank,10,بيت لحم,,,,31.701393,35.138652,approximate_generated,23,23,33,300,True,Names compiled from common locality lists; coordinates and fees require field validation.
1283,الشواورة,Ash Shawawra,ash-shawawra,village,west_bank,10,بيت لحم,,,,31.653216,35.285491,approximate_generated,23,23,33,300,True,Names compiled from common locality lists; coordinates and fees require field validation.
1284,رخمة,Rakhma,rakhma,village,west_bank,10,بيت لحم,,,,31.710878,35.199084,approximate_generated,23,23,33,300,True,Names compiled from common locality lists; coordinates and fees require field validation.
1285,جناتة,Janata,janata,village,west_bank,10,بيت لحم,,,,31.666638,35.149389,approximate_generated,23,23,33,300,True,Names compiled from common locality lists; coordinates and fees require field validation.
1286,مراح رباح,Marah Rabah,marah-rabah,village,west_bank,10,بيت لحم,,,,31.710142,35.336964,approximate_generated,23,23,33,300,True,Names compiled from common locality lists; coordinates and fees require field validation.
1287,أم سلمونة,Umm Salamuna,umm-salamuna,village,west_bank,10,بيت لحم,,,,31.711747,35.169298,approximate_generated,23,23,33,300,True,Names compiled from common locality lists; coordinates and fees require field validation.
1288,جورة الشمعة,Jurat ash Shamaa,jurat-ash-shamaa,village,west_bank,10,بيت لحم,,,,31.648167,35.221211,approximate_generated,23,23,33,300,True,Names compiled from common locality lists; coordinates and fees require field validation.
1289,المعصرة,Al Masara,al-masara,village,west_bank,10,بيت لحم,,,,31.774353,35.277447,approximate_generated,23,23,33,300,True,Names compiled from common locality lists; coordinates and fees require field validation.
1290,مخيم عايدة,Aida Camp,aida-camp,camp,west_bank,10,بيت لحم,,,,31.690803,35.147604,approximate_generated,20,20,30,300,True,Names compiled from common locality lists; coordinates and fees require field validation.
1291,مخيم الدهيشة,Dheisheh Camp,dheisheh-camp,camp,west_bank,10,بيت لحم,,,,31.673662,35.303675,approximate_generated,20,20,30,300,True,Names compiled from common locality lists; coordinates and fees require field validation.
1292,مخيم العزة,Al Azza Camp,al-azza-camp,camp,west_bank,10,بيت لحم,,,,31.787972,35.133039,approximate_generated,20,20,30,300,True,Names compiled from common locality lists; coordinates and fees require field validation.
1293,الخليل,Hebron,hebron,city,west_bank,11,الخليل,,,,31.53,35.09,governorate_center,15,15,25,300,True,Names compiled from common locality lists; coordinates and fees require field validation.
1294,يطا,Yatta,yatta,city,west_bank,11,الخليل,,,,31.456911,35.101664,approximate_generated,15,15,25,300,True,Names compiled from common locality lists; coordinates and fees require field validation.
1295,دورا,Dura,dura,city,west_bank,11,الخليل,,,,31.544229,35.109835,approximate_generated,15,15,25,300,True,Names compiled from common locality lists; coordinates and fees require field validation.
1296,الظاهرية,Adh Dhahiriya,adh-dhahiriya,city,west_bank,11,الخليل,,,,31.521205,34.999604,approximate_generated,15,15,25,300,True,Names compiled from common locality lists; coordinates and fees require field validation.
1297,حلول,Halhul,halhul,city,west_bank,11,الخليل,,,,31.485426,35.217409,approximate_generated,15,15,25,300,True,Names compiled from common locality lists; coordinates and fees require field validation.
1298,بيت أمر,Beit Ummar,beit-ummar,town,west_bank,11,الخليل,,,,31.556663,35.076967,approximate_generated,20,20,30,300,True,Names compiled from common locality lists; coordinates and fees require field validation.
1299,إذنا,Idhna,idhna,town,west_bank,11,الخليل,,,,31.476601,35.03958,approximate_generated,20,20,30,300,True,Names compiled from common locality lists; coordinates and fees require field validation.
1300,ترقوميا,Tarqumiya,tarqumiya,town,west_bank,11,الخليل,,,,31.561813,35.248368,approximate_generated,20,20,30,300,True,Names compiled from common locality lists; coordinates and fees require field validation.
1301,سعير,Sair,sair,town,west_bank,11,الخليل,,,,31.544227,35.027328,approximate_generated,20,20,30,300,True,Names compiled from common locality lists; coordinates and fees require field validation.
1302,الشيوخ,Ash Shuyukh,ash-shuyukh,town,west_bank,11,الخليل,,,,31.466736,35.143833,approximate_generated,20,20,30,300,True,Names compiled from common locality lists; coordinates and fees require field validation.
1303,بني نعيم,Bani Naim,bani-naim,town,west_bank,11,الخليل,,,,31.54375,35.09784,approximate_generated,20,20,30,300,True,Names compiled from common locality lists; coordinates and fees require field validation.
1304,السموع,As Samu,as-samu,town,west_bank,11,الخليل,,,,31.506447,35.016113,approximate_generated,20,20,30,300,True,Names compiled from common locality lists; coordinates and fees require field validation.
1305,تفوح,Taffuh,taffuh,town,west_bank,11,الخليل,,,,31.512928,35.231229,approximate_generated,20,20,30,300,True,Names compiled from common locality lists; coordinates and fees require field validation.
1306,بيت كاحل,Beit Kahil,beit-kahil,town,west_bank,11,الخليل,,,,31.549706,35.064807,approximate_generated,20,20,30,300,True,Names compiled from common locality lists; coordinates and fees require field validation.
1307,خاراس,Kharas,kharas,town,west_bank,11,الخليل,,,,31.473819,35.07677,approximate_generated,20,20,30,300,True,Names compiled from common locality lists; coordinates and fees require field validation.
1308,نوبا,Nuba,nuba,town,west_bank,11,الخليل,,,,31.587496,35.214019,approximate_generated,20,20,30,300,True,Names compiled from common locality lists; coordinates and fees require field validation.
1309,صوريف,Surif,surif,town,west_bank,11,الخليل,,,,31.531393,35.028652,approximate_generated,20,20,30,300,True,Names compiled from common locality lists; coordinates and fees require field validation.
1310,بيت أولا,Beit Ula,beit-ula,town,west_bank,11,الخليل,,,,31.483216,35.175491,approximate_generated,20,20,30,300,True,Names compiled from common locality lists; coordinates and fees require field validation.
1311,الريحية,Ar Rihiya,ar-rihiya,village,west_bank,11,الخليل,,,,31.540878,35.089084,approximate_generated,23,23,33,300,True,Names compiled from common locality lists; coordinates and fees require field validation.
1312,الفوار,Al Fawwar Camp,al-fawwar-camp,camp,west_bank,11,الخليل,,,,31.496638,35.039389,approximate_generated,20,20,30,300,True,Names compiled from common locality lists; coordinates and fees require field validation.
1313,العروب,Al Arroub Camp,al-arroub-camp,camp,west_bank,11,الخليل,,,,31.540142,35.226964,approximate_generated,20,20,30,300,True,Names compiled from common locality lists; coordinates and fees require field validation.
1314,مخيم الخليل,Hebron Camp,hebron-camp,camp,west_bank,11,الخليل,,,,31.541747,35.059298,approximate_generated,20,20,30,300,True,Names compiled from common locality lists; coordinates and fees require field validation.
1315,كرمة,Karma,karma,village,west_bank,11,الخليل,,,,31.478167,35.111211,approximate_generated,23,23,33,300,True,Names compiled from common locality lists; coordinates and fees require field validation.
1316,المجد,Al Majd,al-majd,village,west_bank,11,الخليل,,,,31.604353,35.167447,approximate_generated,23,23,33,300,True,Names compiled from common locality lists; coordinates and fees require field validation.
1317,دير سامت,Deir Samit,deir-samit,village,west_bank,11,الخليل,,,,31.520803,35.037604,approximate_generated,23,23,33,300,True,Names compiled from common locality lists; coordinates and fees require field validation.
1318,بيت عوا,Beit Awwa,beit-awwa,town,west_bank,11,الخليل,,,,31.503662,35.193675,approximate_generated,20,20,30,300,True,Names compiled from common locality lists; coordinates and fees require field validation.
1319,الكوم,Al Kum,al-kum,village,west_bank,11,الخليل,,,,31.617972,35.023039,approximate_generated,23,23,33,300,True,Names compiled from common locality lists; coordinates and fees require field validation.
1320,المورق,Al Muwarraq,al-muwarraq,village,west_bank,11,الخليل,,,,31.492425,35.065436,approximate_generated,23,23,33,300,True,Names compiled from common locality lists; coordinates and fees require field validation.
1321,إمريش,Imreish,imreish,village,west_bank,11,الخليل,,,,31.563732,35.206661,approximate_generated,23,23,33,300,True,Names compiled from common locality lists; coordinates and fees require field validation.
1322,حدب الفوار,Hadab al Fawwar,hadab-al-fawwar,village,west_bank,11,الخليل,,,,31.534344,35.060023,approximate_generated,23,23,33,300,True,Names compiled from common locality lists; coordinates and fees require field validation.
1323,رابود,Rabud,rabud,village,west_bank,11,الخليل,,,,31.488275,35.138793,approximate_generated,23,23,33,300,True,Names compiled from common locality lists; coordinates and fees require field validation.
1324,أبو العسجا,Abu al Asja,abu-al-asja,village,west_bank,11,الخليل,,,,31.610985,35.115285,approximate_generated,23,23,33,300,True,Names compiled from common locality lists; coordinates and fees require field validation.
1325,خرسا,Khursa,khursa,village,west_bank,11,الخليل,,,,31.51363,35.05158,approximate_generated,23,23,33,300,True,Names compiled from common locality lists; coordinates and fees require field validation.
1326,أم الشقحان,Umm ash Shaqhan,umm-ash-shaqhan,village,west_bank,11,الخليل,,,,31.525113,35.197433,approximate_generated,23,23,33,300,True,Names compiled from common locality lists; coordinates and fees require field validation.
1327,الكرمل,Al Karmel,al-karmel,village,west_bank,11,الخليل,,,,31.597415,34.976576,approximate_generated,23,23,33,300,True,Names compiled from common locality lists; coordinates and fees require field validation.
1328,التوانة,At Tuwani,at-tuwani,village,west_bank,11,الخليل,,,,31.49359,35.090333,approximate_generated,23,23,33,300,True,Names compiled from common locality lists; coordinates and fees require field validation.
1329,مسافر يطا,Masafer Yatta,masafer-yatta,village,west_bank,11,الخليل,,,,31.58109,35.17424,approximate_generated,23,23,33,300,True,Names compiled from common locality lists; coordinates and fees require field validation.
1330,سوسيا,Susiya,susiya,village,west_bank,11,الخليل,,,,31.528749,35.065505,approximate_generated,23,23,33,300,True,Names compiled from common locality lists; coordinates and fees require field validation.
1331,زيف,Zif,zif,village,west_bank,11,الخليل,,,,31.502142,35.15676,approximate_generated,23,23,33,300,True,Names compiled from common locality lists; coordinates and fees require field validation.
1332,قريتين,Qureitin,qureitin,village,west_bank,11,الخليل,,,,31.607378,35.064382,approximate_generated,23,23,33,300,True,Names compiled from common locality lists; coordinates and fees require field validation.
1333,بيت الروش,Beit ar Rush,beit-ar-rush,village,west_bank,11,الخليل,,,,31.510354,35.06753,approximate_generated,23,23,33,300,True,Names compiled from common locality lists; coordinates and fees require field validation.
1334,دير العسل الفوقا,Deir al Asal al Fauqa,deir-al-asal-al-fauqa,village,west_bank,11,الخليل,,,,31.54475,35.187789,approximate_generated,23,23,33,300,True,Names compiled from common locality lists; coordinates and fees require field validation.
1335,دير العسل التحتا,Deir al Asal at Tahta,deir-al-asal-at-tahta,village,west_bank,11,الخليل,,,,31.570315,34.947103,approximate_generated,23,23,33,300,True,Names compiled from common locality lists; coordinates and fees require field validation.
1336,بيت مقدوم,Beit Maqdum,beit-maqdum,village,west_bank,11,الخليل,,,,31.499163,35.110798,approximate_generated,23,23,33,300,True,Names compiled from common locality lists; coordinates and fees require field validation.
1337,واد الشاجنة,Wad ash Shajina,wad-ash-shajina,village,west_bank,11,الخليل,,,,31.590624,35.134848,approximate_generated,23,23,33,300,True,Names compiled from common locality lists; coordinates and fees require field validation.
1338,الناصرة,Nazareth,nazareth,city,inside_48,12,الداخل الفلسطيني - الناصرة,,1338,الناصرة,32.5,35.0,governorate_center,35,35,45,500,True,Inside 48 localities are grouped by nearest/primary Arab city hub; verify exact service coverage and coordinates before production.
1339,أم الفحم,Umm al-Fahm,umm-al-fahm,city,inside_48,12,الداخل الفلسطيني - أم الفحم,,1339,أم الفحم,32.397675,35.016329,approximate_generated,35,35,45,500,True,Inside 48 localities are grouped by nearest/primary Arab city hub; verify exact service coverage and coordinates before production.
1340,سخنين,Sakhnin,sakhnin,city,inside_48,12,الداخل الفلسطيني - سخنين,,1340,سخنين,32.519921,35.027769,approximate_generated,35,35,45,500,True,Inside 48 localities are grouped by nearest/primary Arab city hub; verify exact service coverage and coordinates before production.
1341,شفا عمرو,Shefa-Amr,shefa-amr,city,inside_48,12,الداخل الفلسطيني - شفا عمرو,,1341,شفا عمرو,32.487687,34.873445,approximate_generated,35,35,45,500,True,Inside 48 localities are grouped by nearest/primary Arab city hub; verify exact service coverage and coordinates before production.
1342,طمرة,Tamra,tamra,city,inside_48,12,الداخل الفلسطيني - طمرة,,1342,طمرة,32.437597,35.178372,approximate_generated,35,35,45,500,True,Inside 48 localities are grouped by nearest/primary Arab city hub; verify exact service coverage and coordinates before production.
1343,رهط,Rahat,rahat,city,inside_48,12,الداخل الفلسطيني - رهط,,1343,رهط,32.537329,34.981753,approximate_generated,35,35,45,500,True,Inside 48 localities are grouped by nearest/primary Arab city hub; verify exact service coverage and coordinates before production.
1344,عرابة البطوف,Arraba,arraba,city,inside_48,12,الداخل الفلسطيني - عرابة البطوف,,1344,عرابة البطوف,32.425242,34.929411,approximate_generated,35,35,45,500,True,Inside 48 localities are grouped by nearest/primary Arab city hub; verify exact service coverage and coordinates before production.
1345,باقة الغربية,Baqa al-Gharbiyye,baqa-al-gharbiyye,city,inside_48,12,الداخل الفلسطيني - باقة الغربية,,1345,باقة الغربية,32.544538,35.221715,approximate_generated,35,35,45,500,True,Inside 48 localities are grouped by nearest/primary Arab city hub; verify exact service coverage and coordinates before production.
1346,الطيبة,Tayibe,tayibe,city,inside_48,12,الداخل الفلسطيني - الطيبة,,1346,الطيبة,32.519918,34.91226,approximate_generated,35,35,45,500,True,Inside 48 localities are grouped by nearest/primary Arab city hub; verify exact service coverage and coordinates before production.
1347,الطيرة,Tira,tira,city,inside_48,12,الداخل الفلسطيني - الطيرة,,1391,الطيرة,32.41143,35.075366,approximate_generated,35,35,45,500,True,Inside 48 localities are grouped by nearest/primary Arab city hub; verify exact service coverage and coordinates before production.
1348,قلنسوة,Qalansawe,qalansawe,city,inside_48,12,الداخل الفلسطيني - الطيبة,1346,1346,الطيبة,32.51925,35.010976,approximate_generated,35,35,45,500,True,Inside 48 localities are grouped by nearest/primary Arab city hub; verify exact service coverage and coordinates before production.
1349,كفر قاسم,Kafr Qasim,kafr-qasim,city,inside_48,12,الداخل الفلسطيني - كفر قاسم,,1349,كفر قاسم,32.467026,34.896558,approximate_generated,35,35,45,500,True,Inside 48 localities are grouped by nearest/primary Arab city hub; verify exact service coverage and coordinates before production.
1350,كفر كنا,Kafr Kanna,kafr-kanna,town,inside_48,12,الداخل الفلسطيني - الناصرة,1338,1338,الناصرة,32.476099,35.197721,approximate_generated,40,40,50,500,True,Inside 48 localities are grouped by nearest/primary Arab city hub; verify exact service coverage and coordinates before production.
1351,دبورية,Daburiyya,daburiyya,town,inside_48,12,الداخل الفلسطيني - الناصرة,1338,1338,الناصرة,32.527589,34.96473,approximate_generated,40,40,50,500,True,Inside 48 localities are grouped by nearest/primary Arab city hub; verify exact service coverage and coordinates before production.
1352,عين ماهل,Ein Mahil,ein-mahil,town,inside_48,12,الداخل الفلسطيني - الناصرة,1338,1338,الناصرة,32.421347,34.981478,approximate_generated,40,40,50,500,True,Inside 48 localities are grouped by nearest/primary Arab city hub; verify exact service coverage and coordinates before production.
1353,إكسال,Iksal,iksal,town,inside_48,12,الداخل الفلسطيني - الناصرة,1338,1338,الناصرة,32.580494,35.173627,approximate_generated,40,40,50,500,True,Inside 48 localities are grouped by nearest/primary Arab city hub; verify exact service coverage and coordinates before production.
1354,الرينة,Reineh,reineh,town,inside_48,12,الداخل الفلسطيني - الناصرة,1338,1338,الناصرة,32.50195,34.914113,approximate_generated,40,40,50,500,True,Inside 48 localities are grouped by nearest/primary Arab city hub; verify exact service coverage and coordinates before production.
1355,المشهد,Mashhad,mashhad,town,inside_48,12,الداخل الفلسطيني - الناصرة,1338,1338,الناصرة,32.434502,35.119688,approximate_generated,40,40,50,500,True,Inside 48 localities are grouped by nearest/primary Arab city hub; verify exact service coverage and coordinates before production.
1356,يافة الناصرة,Yafa an-Naseriyye,yafa-an-naseriyye,town,inside_48,12,الداخل الفلسطيني - الناصرة,1338,1338,الناصرة,32.51523,34.998717,approximate_generated,40,40,50,500,True,Inside 48 localities are grouped by nearest/primary Arab city hub; verify exact service coverage and coordinates before production.
1357,كابول,Kabul,kabul,town,inside_48,12,الداخل الفلسطيني - طمرة,1342,1342,طمرة,32.453293,34.929145,approximate_generated,40,40,50,500,True,Inside 48 localities are grouped by nearest/primary Arab city hub; verify exact service coverage and coordinates before production.
1358,عرعرة,Arara,arara,town,inside_48,12,الداخل الفلسطيني - أم الفحم,1339,1339,أم الفحم,32.514199,35.19175,approximate_generated,40,40,50,500,True,Inside 48 localities are grouped by nearest/primary Arab city hub; verify exact service coverage and coordinates before production.
1359,كفر قرع,Kafr Qara,kafr-qara,town,inside_48,12,الداخل الفلسطيني - أم الفحم,1339,1339,أم الفحم,32.516445,34.957017,approximate_generated,40,40,50,500,True,Inside 48 localities are grouped by nearest/primary Arab city hub; verify exact service coverage and coordinates before production.
1360,مصمص,Musmus,musmus,village,inside_48,12,الداخل الفلسطيني - أم الفحم,1339,1339,أم الفحم,32.427433,35.029695,approximate_generated,43,43,53,500,True,Inside 48 localities are grouped by nearest/primary Arab city hub; verify exact service coverage and coordinates before production.
1361,معاوية,Muawiya,muawiya,village,inside_48,12,الداخل الفلسطيني - أم الفحم,1339,1339,أم الفحم,32.604094,35.108426,approximate_generated,43,43,53,500,True,Inside 48 localities are grouped by nearest/primary Arab city hub; verify exact service coverage and coordinates before production.
1362,سالم,Salem,salem,village,inside_48,12,الداخل الفلسطيني - أم الفحم,1339,1339,أم الفحم,32.487124,34.926645,approximate_generated,43,43,53,500,True,Inside 48 localities are grouped by nearest/primary Arab city hub; verify exact service coverage and coordinates before production.
1363,زلفة,Zalafa,zalafa,village,inside_48,12,الداخل الفلسطيني - أم الفحم,1339,1339,أم الفحم,32.463127,35.145145,approximate_generated,43,43,53,500,True,Inside 48 localities are grouped by nearest/primary Arab city hub; verify exact service coverage and coordinates before production.
1364,عرعرة النقب,Arara BaNegev,arara-banegev,town,inside_48,12,الداخل الفلسطيني - رهط,1343,1343,رهط,32.623161,34.906255,approximate_generated,40,40,50,500,True,Inside 48 localities are grouped by nearest/primary Arab city hub; verify exact service coverage and coordinates before production.
1365,تل السبع,Tel as-Sabi,tel-as-sabi,town,inside_48,12,الداخل الفلسطيني - رهط,1343,1343,رهط,32.447395,34.965611,approximate_generated,40,40,50,500,True,Inside 48 localities are grouped by nearest/primary Arab city hub; verify exact service coverage and coordinates before production.
1366,كسيفة,Kuseife,kuseife,town,inside_48,12,الداخل الفلسطيني - رهط,1343,1343,رهط,32.547225,35.163325,approximate_generated,40,40,50,500,True,Inside 48 localities are grouped by nearest/primary Arab city hub; verify exact service coverage and coordinates before production.
1367,حورة,Hura,hura,town,inside_48,12,الداخل الفلسطيني - رهط,1343,1343,رهط,32.506081,34.958032,approximate_generated,40,40,50,500,True,Inside 48 localities are grouped by nearest/primary Arab city hub; verify exact service coverage and coordinates before production.
1368,اللقية,Lakiya,lakiya,town,inside_48,12,الداخل الفلسطيني - رهط,1343,1343,رهط,32.441585,35.068311,approximate_generated,40,40,50,500,True,Inside 48 localities are grouped by nearest/primary Arab city hub; verify exact service coverage and coordinates before production.
1369,شقيب السلام,Shaqib al-Salam,shaqib-al-salam,town,inside_48,12,الداخل الفلسطيني - رهط,1343,1343,رهط,32.613378,35.0354,approximate_generated,40,40,50,500,True,Inside 48 localities are grouped by nearest/primary Arab city hub; verify exact service coverage and coordinates before production.
1370,جسر الزرقاء,Jisr az-Zarqa,jisr-az-zarqa,city,inside_48,12,الداخل الفلسطيني - جسر الزرقاء,,1370,جسر الزرقاء,32.477082,34.946212,approximate_generated,40,40,50,500,True,Inside 48 localities are grouped by nearest/primary Arab city hub; verify exact service coverage and coordinates before production.
1371,الفريديس,Fureidis,fureidis,city,inside_48,12,الداخل الفلسطيني - الفريديس,,1371,الفريديس,32.493158,35.150406,approximate_generated,40,40,50,500,True,Inside 48 localities are grouped by nearest/primary Arab city hub; verify exact service coverage and coordinates before production.
1372,دالية الكرمل,Daliyat al-Karmel,daliyat-al-karmel,city,inside_48,12,الداخل الفلسطيني - حيفا العربية,1386,1386,حيفا العربية,32.594381,34.841207,approximate_generated,40,40,50,500,True,Inside 48 localities are grouped by nearest/primary Arab city hub; verify exact service coverage and coordinates before production.
1373,عسفيا,Isfiya,isfiya,town,inside_48,12,الداخل الفلسطيني - حيفا العربية,1386,1386,حيفا العربية,32.449027,35.000466,approximate_generated,40,40,50,500,True,Inside 48 localities are grouped by nearest/primary Arab city hub; verify exact service coverage and coordinates before production.
1374,المغار,Maghar,maghar,city,inside_48,12,الداخل الفلسطيني - المغار,,1374,المغار,32.571526,35.117936,approximate_generated,40,40,50,500,True,Inside 48 localities are grouped by nearest/primary Arab city hub; verify exact service coverage and coordinates before production.
1375,البعنة,Baine,baine,town,inside_48,12,الداخل الفلسطيني - سخنين,1340,1340,سخنين,32.498249,34.965707,approximate_generated,40,40,50,500,True,Inside 48 localities are grouped by nearest/primary Arab city hub; verify exact service coverage and coordinates before production.
1376,دير الأسد,Deir al-Asad,deir-al-asad,town,inside_48,12,الداخل الفلسطيني - سخنين,1340,1340,سخنين,32.460998,35.093464,approximate_generated,40,40,50,500,True,Inside 48 localities are grouped by nearest/primary Arab city hub; verify exact service coverage and coordinates before production.
1377,مجد الكروم,Majd al-Krum,majd-al-krum,town,inside_48,12,الداخل الفلسطيني - سخنين,1340,1340,سخنين,32.608329,34.964135,approximate_generated,40,40,50,500,True,Inside 48 localities are grouped by nearest/primary Arab city hub; verify exact service coverage and coordinates before production.
1378,نحف,Nahf,nahf,town,inside_48,12,الداخل الفلسطيني - سخنين,1340,1340,سخنين,32.472495,34.968542,approximate_generated,40,40,50,500,True,Inside 48 localities are grouped by nearest/primary Arab city hub; verify exact service coverage and coordinates before production.
1379,يركا,Yarka,yarka,town,inside_48,12,الداخل الفلسطيني - كفر ياسيف,1382,1382,كفر ياسيف,32.52065,35.136905,approximate_generated,40,40,50,500,True,Inside 48 localities are grouped by nearest/primary Arab city hub; verify exact service coverage and coordinates before production.
1380,جولس,Julis,julis,town,inside_48,12,الداخل الفلسطيني - كفر ياسيف,1382,1382,كفر ياسيف,32.556441,34.799945,approximate_generated,40,40,50,500,True,Inside 48 localities are grouped by nearest/primary Arab city hub; verify exact service coverage and coordinates before production.
1381,أبو سنان,Abu Snan,abu-snan,town,inside_48,12,الداخل الفلسطيني - كفر ياسيف,1382,1382,كفر ياسيف,32.456828,35.029117,approximate_generated,40,40,50,500,True,Inside 48 localities are grouped by nearest/primary Arab city hub; verify exact service coverage and coordinates before production.
1382,كفر ياسيف,Kafr Yasif,kafr-yasif,city,inside_48,12,الداخل الفلسطيني - كفر ياسيف,,1382,كفر ياسيف,32.584874,35.062787,approximate_generated,40,40,50,500,True,Inside 48 localities are grouped by nearest/primary Arab city hub; verify exact service coverage and coordinates before production.
1383,الجديدة المكر,Jadeidi-Makr,jadeidi-makr,town,inside_48,12,الداخل الفلسطيني - كفر ياسيف,1382,1382,كفر ياسيف,32.493996,34.976977,approximate_generated,40,40,50,500,True,Inside 48 localities are grouped by nearest/primary Arab city hub; verify exact service coverage and coordinates before production.
1384,المزرعة,Mazraaa,mazraaa,village,inside_48,12,الداخل الفلسطيني - كفر ياسيف,1382,1382,كفر ياسيف,32.482452,35.103556,approximate_generated,43,43,53,500,True,Inside 48 localities are grouped by nearest/primary Arab city hub; verify exact service coverage and coordinates before production.
1385,عكا العربية,Arab Acre,arab-acre,city,inside_48,12,الداخل الفلسطيني - عكا العربية,,1385,عكا العربية,32.590736,34.903272,approximate_generated,35,35,45,500,True,Inside 48 localities are grouped by nearest/primary Arab city hub; verify exact service coverage and coordinates before production.
1386,حيفا العربية,Arab Haifa,arab-haifa,city,inside_48,12,الداخل الفلسطيني - حيفا العربية,,1386,حيفا العربية,32.473047,34.989487,approximate_generated,35,35,45,500,True,Inside 48 localities are grouped by nearest/primary Arab city hub; verify exact service coverage and coordinates before production.
1387,اللد,Lod,lod,city,inside_48,12,الداخل الفلسطيني - اللد,,1387,اللد,32.542374,35.108412,approximate_generated,35,35,45,500,True,Inside 48 localities are grouped by nearest/primary Arab city hub; verify exact service coverage and coordinates before production.
1388,الرملة,Ramla,ramla,city,inside_48,12,الداخل الفلسطيني - الرملة,,1388,الرملة,32.514659,34.785772,approximate_generated,35,35,45,500,True,Inside 48 localities are grouped by nearest/primary Arab city hub; verify exact service coverage and coordinates before production.
1389,يافا,Jaffa,jaffa,city,inside_48,12,الداخل الفلسطيني - يافا,,1389,يافا,32.468695,35.048469,approximate_generated,35,35,45,500,True,Inside 48 localities are grouped by nearest/primary Arab city hub; verify exact service coverage and coordinates before production.
1390,الماصيون,Al Masyoun,al-masyoun,neighborhood,west_bank,7,رام الله والبيرة,1166,,,31.933732,35.316661,approximate_generated,15,15,25,300,True,Operational neighborhood list; validate locally.
1391,الطيرة,Al Tireh,al-tireh,city,west_bank,7,رام الله والبيرة,1166,,,31.904344,35.170023,approximate_generated,15,15,25,300,True,Operational neighborhood list; validate locally.
1392,المصايف,Al Masayef,al-masayef,neighborhood,west_bank,7,رام الله والبيرة,1166,,,31.858275,35.248793,approximate_generated,15,15,25,300,True,Operational neighborhood list; validate locally.
1393,سطح مرحبا,Sateh Marhaba,sateh-marhaba,neighborhood,west_bank,7,رام الله والبيرة,1166,,,31.980985,35.225285,approximate_generated,15,15,25,300,True,Operational neighborhood list; validate locally.
1394,عين مصباح,Ein Misbah,ein-misbah,neighborhood,west_bank,7,رام الله والبيرة,1166,,,31.88363,35.16158,approximate_generated,15,15,25,300,True,Operational neighborhood list; validate locally.
1395,البالوع,Al Balou,al-balou,neighborhood,west_bank,7,رام الله والبيرة,1166,,,31.895113,35.307433,approximate_generated,15,15,25,300,True,Operational neighborhood list; validate locally.
1396,الإرسال,Al Irsal,al-irsal,neighborhood,west_bank,7,رام الله والبيرة,1166,,,31.967415,35.086576,approximate_generated,15,15,25,300,True,Operational neighborhood list; validate locally.
1397,عين منجد,Ein Munjid,ein-munjid,neighborhood,west_bank,7,رام الله والبيرة,1166,,,31.86359,35.200333,approximate_generated,15,15,25,300,True,Operational neighborhood list; validate locally.
1398,رام الله التحتا,Lower Ramallah,lower-ramallah,neighborhood,west_bank,7,رام الله والبيرة,1166,,,31.95109,35.28424,approximate_generated,15,15,25,300,True,Operational neighborhood list; validate locally.
1399,رام الله القديمة,Old Ramallah,old-ramallah,neighborhood,west_bank,7,رام الله والبيرة,1166,,,31.898749,35.175505,approximate_generated,15,15,25,300,True,Operational neighborhood list; validate locally.
1400,رأس العامود,Ras al-Amud,ras-al-amud,neighborhood,jerusalem,9,القدس,,,,31.7742,35.2442,approximate_seed,20,20,30,300,True,Expanded Jerusalem/Inside-48 seed list compiled from public locality references; coordinates and fees require field validation.
1401,الصوانة,As Suwwana,as-suwwana,neighborhood,jerusalem,9,القدس,,,,31.783,35.2405,approximate_seed,20,20,30,300,True,Expanded Jerusalem/Inside-48 seed list compiled from public locality references; coordinates and fees require field validation.
1402,باب حطة,Bab Hutta,bab-hutta,neighborhood,jerusalem,9,القدس,,,,31.7809,35.2345,approximate_seed,20,20,30,300,True,Expanded Jerusalem/Inside-48 seed list compiled from public locality references; coordinates and fees require field validation.
1403,باب الواد,Bab al-Wad,bab-al-wad,neighborhood,jerusalem,9,القدس,,,,31.819,35.083,approximate_seed,20,20,30,300,True,Expanded Jerusalem/Inside-48 seed list compiled from public locality references; coordinates and fees require field validation.
1404,حارة السعدية,Saadiya Quarter,saadiya-quarter,neighborhood,jerusalem,9,القدس,,,,31.7816,35.2332,approximate_seed,20,20,30,300,True,Expanded Jerusalem/Inside-48 seed list compiled from public locality references; coordinates and fees require field validation.
1405,حارة النصارى,Christian Quarter,christian-quarter,neighborhood,jerusalem,9,القدس,,,,31.7786,35.2299,approximate_seed,20,20,30,300,True,Expanded Jerusalem/Inside-48 seed list compiled from public locality references; coordinates and fees require field validation.
1406,حارة المسلمين,Muslim Quarter,muslim-quarter,neighborhood,jerusalem,9,القدس,,,,31.7812,35.234,approximate_seed,20,20,30,300,True,Expanded Jerusalem/Inside-48 seed list compiled from public locality references; coordinates and fees require field validation.
1407,حارة الأرمن,Armenian Quarter,armenian-quarter,neighborhood,jerusalem,9,القدس,,,,31.7757,35.228,approximate_seed,20,20,30,300,True,Expanded Jerusalem/Inside-48 seed list compiled from public locality references; coordinates and fees require field validation.
1408,حارة الشرف,Sharaf Quarter,sharaf-quarter,neighborhood,jerusalem,9,القدس,,,,31.7755,35.2306,approximate_seed,20,20,30,300,True,Expanded Jerusalem/Inside-48 seed list compiled from public locality references; coordinates and fees require field validation.
1409,باب العامود,Damascus Gate Area,damascus-gate-area,neighborhood,jerusalem,9,القدس,,,,31.7819,35.2291,approximate_seed,20,20,30,300,True,Expanded Jerusalem/Inside-48 seed list compiled from public locality references; coordinates and fees require field validation.
1410,باب الخليل,Jaffa Gate Area,jaffa-gate-area,neighborhood,jerusalem,9,القدس,,,,31.7768,35.227,approximate_seed,20,20,30,300,True,Expanded Jerusalem/Inside-48 seed list compiled from public locality references; coordinates and fees require field validation.
1411,وادي حلوة,Wadi Hilweh,wadi-hilweh,neighborhood,jerusalem,9,القدس,,,,31.7731,35.2352,approximate_seed,20,20,30,300,True,Expanded Jerusalem/Inside-48 seed list compiled from public locality references; coordinates and fees require field validation.
1412,عين اللوزة,Ein al-Loza,ein-al-loza,neighborhood,jerusalem,9,القدس,,,,31.7688,35.2356,approximate_seed,20,20,30,300,True,Expanded Jerusalem/Inside-48 seed list compiled from public locality references; coordinates and fees require field validation.
1413,بطن الهوى,Batan al-Hawa,batan-al-hawa,neighborhood,jerusalem,9,القدس,,,,31.7681,35.2383,approximate_seed,20,20,30,300,True,Expanded Jerusalem/Inside-48 seed list compiled from public locality references; coordinates and fees require field validation.
1414,الحارة الوسطى سلوان,Middle Quarter Silwan,middle-quarter-silwan,neighborhood,jerusalem,9,القدس,,,,31.77,35.236,approximate_seed,20,20,30,300,True,Expanded Jerusalem/Inside-48 seed list compiled from public locality references; coordinates and fees require field validation.
1415,واد قدوم,Wadi Qaddum,wadi-qaddum,neighborhood,jerusalem,9,القدس,,,,31.7626,35.2395,approximate_seed,20,20,30,300,True,Expanded Jerusalem/Inside-48 seed list compiled from public locality references; coordinates and fees require field validation.
1416,حي العباسية,Abbasiya Silwan,abbasiya-silwan,neighborhood,jerusalem,9,القدس,,,,31.7652,35.2374,approximate_seed,20,20,30,300,True,Expanded Jerusalem/Inside-48 seed list compiled from public locality references; coordinates and fees require field validation.
1417,الثوري الفوقا,Upper Ath Thuri,upper-ath-thuri,neighborhood,jerusalem,9,القدس,,,,31.7655,35.2255,approximate_seed,20,20,30,300,True,Expanded Jerusalem/Inside-48 seed list compiled from public locality references; coordinates and fees require field validation.
1418,أبو طور,Abu Tor,abu-tor,neighborhood,jerusalem,9,القدس,,,,31.7659,35.231,approximate_seed,20,20,30,300,True,Expanded Jerusalem/Inside-48 seed list compiled from public locality references; coordinates and fees require field validation.
1419,جبل الزيتون,Mount of Olives,mount-of-olives,neighborhood,jerusalem,9,القدس,,,,31.778,35.2456,approximate_seed,20,20,30,300,True,Expanded Jerusalem/Inside-48 seed list compiled from public locality references; coordinates and fees require field validation.
1420,الخلة,Al Khalla,al-khalla,neighborhood,jerusalem,9,القدس,,,,31.7444,35.22,approximate_seed,20,20,30,300,True,Expanded Jerusalem/Inside-48 seed list compiled from public locality references; coordinates and fees require field validation.
1421,دير السنة,Deir al-Sunna,deir-al-sunna,neighborhood,jerusalem,9,القدس,,,,31.7473,35.2205,approximate_seed,20,20,30,300,True,Expanded Jerusalem/Inside-48 seed list compiled from public locality references; coordinates and fees require field validation.
1422,أم ليسون,Umm Lison,umm-lison,neighborhood,jerusalem,9,القدس,,,,31.7428,35.2267,approximate_seed,20,20,30,300,True,Expanded Jerusalem/Inside-48 seed list compiled from public locality references; coordinates and fees require field validation.
1423,واد الحمص,Wadi al-Hummus,wadi-al-hummus,neighborhood,jerusalem,9,القدس,,,,31.7272,35.2287,approximate_seed,20,20,30,300,True,Expanded Jerusalem/Inside-48 seed list compiled from public locality references; coordinates and fees require field validation.
1424,الدحيشية القدس,Dahiyat al-Quds,dahiyat-al-quds,neighborhood,jerusalem,9,القدس,,,,31.7614,35.265,approximate_seed,20,20,30,300,True,Expanded Jerusalem/Inside-48 seed list compiled from public locality references; coordinates and fees require field validation.
1425,السلام كفر عقب,As Salam Kafr Aqab,as-salam-kafr-aqab,neighborhood,jerusalem,9,القدس,,,,31.879,35.218,approximate_seed,20,20,30,300,True,Expanded Jerusalem/Inside-48 seed list compiled from public locality references; coordinates and fees require field validation.
1426,المطار قلنديا,Qalandiya Airport Area,qalandiya-airport-area,neighborhood,jerusalem,9,القدس,,,,31.8615,35.2188,approximate_seed,20,20,30,300,True,Expanded Jerusalem/Inside-48 seed list compiled from public locality references; coordinates and fees require field validation.
1427,سميراميس,Semiramis,semiramis,neighborhood,jerusalem,9,القدس,,,,31.8491,35.2205,approximate_seed,20,20,30,300,True,Expanded Jerusalem/Inside-48 seed list compiled from public locality references; coordinates and fees require field validation.
1428,ضاحية البريد,Dahiyat al-Barid,dahiyat-al-barid,neighborhood,jerusalem,9,القدس,,,,31.8422,35.2192,approximate_seed,20,20,30,300,True,Expanded Jerusalem/Inside-48 seed list compiled from public locality references; coordinates and fees require field validation.
1429,بيت حنينا البلد,Beit Hanina al-Balad,beit-hanina-al-balad,neighborhood,jerusalem,9,القدس,,,,31.8338,35.2071,approximate_seed,20,20,30,300,True,Expanded Jerusalem/Inside-48 seed list compiled from public locality references; coordinates and fees require field validation.
1430,واد الدم,Wadi ad-Dam,wadi-ad-dam,neighborhood,jerusalem,9,القدس,,,,31.8251,35.2124,approximate_seed,20,20,30,300,True,Expanded Jerusalem/Inside-48 seed list compiled from public locality references; coordinates and fees require field validation.
1431,الاشقرية,Al Ashqariya,al-ashqariya,neighborhood,jerusalem,9,القدس,,,,31.831,35.2183,approximate_seed,20,20,30,300,True,Expanded Jerusalem/Inside-48 seed list compiled from public locality references; coordinates and fees require field validation.
1432,حي الزهور شعفاط,Al Zuhur Shuafat,al-zuhur-shuafat,neighborhood,jerusalem,9,القدس,,,,31.8155,35.2293,approximate_seed,20,20,30,300,True,Expanded Jerusalem/Inside-48 seed list compiled from public locality references; coordinates and fees require field validation.
1433,رأس خميس,Ras Khamis,ras-khamis,neighborhood,jerusalem,9,القدس,,,,31.818,35.2367,approximate_seed,20,20,30,300,True,Expanded Jerusalem/Inside-48 seed list compiled from public locality references; coordinates and fees require field validation.
1434,رأس شحادة,Ras Shehadeh,ras-shehadeh,neighborhood,jerusalem,9,القدس,,,,31.8194,35.239,approximate_seed,20,20,30,300,True,Expanded Jerusalem/Inside-48 seed list compiled from public locality references; coordinates and fees require field validation.
1435,عناتا الجديدة,New Anata,new-anata,neighborhood,jerusalem,9,القدس,,,,31.8138,35.2558,approximate_seed,20,20,30,300,True,Expanded Jerusalem/Inside-48 seed list compiled from public locality references; coordinates and fees require field validation.
1436,واد الجمل,Wadi al-Jamal,wadi-al-jamal,neighborhood,jerusalem,9,القدس,,,,31.795,35.256,approximate_seed,20,20,30,300,True,Expanded Jerusalem/Inside-48 seed list compiled from public locality references; coordinates and fees require field validation.
1437,الزعيم,Az Zaayyem,az-zaayyem,town,jerusalem,9,القدس,,,,31.7895,35.2651,approximate_seed,25,25,35,300,True,Expanded Jerusalem/Inside-48 seed list compiled from public locality references; coordinates and fees require field validation.
1438,الخان الأحمر,Khan al-Ahmar,khan-al-ahmar,village,jerusalem,9,القدس,,,,31.8175,35.334,approximate_seed,30,30,40,300,True,Expanded Jerusalem/Inside-48 seed list compiled from public locality references; coordinates and fees require field validation.
1439,النبي صموئيل,An Nabi Samwil,an-nabi-samwil,village,jerusalem,9,القدس,,,,31.8311,35.18,approximate_seed,30,30,40,300,True,Expanded Jerusalem/Inside-48 seed list compiled from public locality references; coordinates and fees require field validation.
1440,بيت حنينا الجديدة,New Beit Hanina,new-beit-hanina,neighborhood,jerusalem,9,القدس,,,,31.8214,35.2194,approximate_seed,20,20,30,300,True,Expanded Jerusalem/Inside-48 seed list compiled from public locality references; coordinates and fees require field validation.
1441,راس كبسة,Ras Kabsa,ras-kabsa,neighborhood,jerusalem,9,القدس,,,,31.8206,35.2415,approximate_seed,20,20,30,300,True,Expanded Jerusalem/Inside-48 seed list compiled from public locality references; coordinates and fees require field validation.
1442,الصوانة الشرقية,East Suwwana,east-suwwana,neighborhood,jerusalem,9,القدس,,,,31.7822,35.2462,approximate_seed,20,20,30,300,True,Expanded Jerusalem/Inside-48 seed list compiled from public locality references; coordinates and fees require field validation.
1443,واد الربابة,Wadi Rababa,wadi-rababa,neighborhood,jerusalem,9,القدس,,,,31.7702,35.2291,approximate_seed,20,20,30,300,True,Expanded Jerusalem/Inside-48 seed list compiled from public locality references; coordinates and fees require field validation.
1444,حارة المغاربة,Mughrabi Quarter,mughrabi-quarter,neighborhood,jerusalem,9,القدس,,,,31.775,35.233,approximate_seed,20,20,30,300,True,Expanded Jerusalem/Inside-48 seed list compiled from public locality references; coordinates and fees require field validation.
1445,حارة باب السلسلة,Bab as-Silsila Quarter,bab-as-silsila-quarter,neighborhood,jerusalem,9,القدس,,,,31.7767,35.2329,approximate_seed,20,20,30,300,True,Expanded Jerusalem/Inside-48 seed list compiled from public locality references; coordinates and fees require field validation.
1446,باب الأسباط,Lions Gate Area,lions-gate-area,neighborhood,jerusalem,9,القدس,,,,31.7804,35.2374,approximate_seed,20,20,30,300,True,Expanded Jerusalem/Inside-48 seed list compiled from public locality references; coordinates and fees require field validation.
1447,حارة الواد,Al Wad Quarter,al-wad-quarter,neighborhood,jerusalem,9,القدس,,,,31.7788,35.2326,approximate_seed,20,20,30,300,True,Expanded Jerusalem/Inside-48 seed list compiled from public locality references; coordinates and fees require field validation.
1448,المصرارة,Musrara,musrara,neighborhood,jerusalem,9,القدس,,,,31.7855,35.2267,approximate_seed,20,20,30,300,True,Expanded Jerusalem/Inside-48 seed list compiled from public locality references; coordinates and fees require field validation.
1449,المستعمرة الأمريكية,American Colony,american-colony,neighborhood,jerusalem,9,القدس,,,,31.789,35.2295,approximate_seed,20,20,30,300,True,Expanded Jerusalem/Inside-48 seed list compiled from public locality references; coordinates and fees require field validation.
1450,طالبية,Talbiya,talbiya,neighborhood,jerusalem,9,القدس,,,,31.7729,35.2176,approximate_seed,20,20,30,300,True,Expanded Jerusalem/Inside-48 seed list compiled from public locality references; coordinates and fees require field validation.
1451,الشيخ بدر,Sheikh Bader,sheikh-bader,neighborhood,jerusalem,9,القدس,,,,31.7815,35.2102,approximate_seed,20,20,30,300,True,Expanded Jerusalem/Inside-48 seed list compiled from public locality references; coordinates and fees require field validation.
1452,لفتا,Lifta,lifta,neighborhood,jerusalem,9,القدس,,,,31.7984,35.1997,approximate_seed,20,20,30,300,True,Expanded Jerusalem/Inside-48 seed list compiled from public locality references; coordinates and fees require field validation.
1453,عين كارم,Ein Karem,ein-karem,neighborhood,jerusalem,9,القدس,,,,31.7685,35.162,approximate_seed,20,20,30,300,True,Expanded Jerusalem/Inside-48 seed list compiled from public locality references; coordinates and fees require field validation.
1454,السواحرة الغربية,As Sawahira al-Gharbiya,as-sawahira-al-gharbiya,neighborhood,jerusalem,9,القدس,,,,31.7483,35.2544,approximate_seed,20,20,30,300,True,Expanded Jerusalem/Inside-48 seed list compiled from public locality references; coordinates and fees require field validation.
1455,العيسوية الغربية,West Isawiya,west-isawiya,neighborhood,jerusalem,9,القدس,,,,31.7954,35.2448,approximate_seed,20,20,30,300,True,Expanded Jerusalem/Inside-48 seed list compiled from public locality references; coordinates and fees require field validation.
1456,خلة العين,Khallat al-Ain,khallat-al-ain,neighborhood,jerusalem,9,القدس,,,,31.7328,35.2274,approximate_seed,20,20,30,300,True,Expanded Jerusalem/Inside-48 seed list compiled from public locality references; coordinates and fees require field validation.
1457,الحردوب,Al Hardoub,al-hardoub,neighborhood,jerusalem,9,القدس,,,,31.7355,35.2231,approximate_seed,20,20,30,300,True,Expanded Jerusalem/Inside-48 seed list compiled from public locality references; coordinates and fees require field validation.
1458,مرج الغزال,Marj al-Ghazal,marj-al-ghazal,neighborhood,jerusalem,9,القدس,,,,31.7479,35.236,approximate_seed,20,20,30,300,True,Expanded Jerusalem/Inside-48 seed list compiled from public locality references; coordinates and fees require field validation.
1459,عين السهلة,Ein as-Sahla,ein-as-sahla,village,inside_48,12,الداخل الفلسطيني - أم الفحم,1339,1339,أم الفحم,32.505,35.0955,approximate_seed,40,40,50,300,True,Inside 48 localities are grouped by nearest/primary Arab city hub; verify exact service coverage and coordinates before production.
1460,برطعة,Bartaa,bartaa,village,inside_48,12,الداخل الفلسطيني - أم الفحم,1339,1339,أم الفحم,32.473,35.0939,approximate_seed,40,40,50,300,True,Inside 48 localities are grouped by nearest/primary Arab city hub; verify exact service coverage and coordinates before production.
1461,عارة,Ara,ara,village,inside_48,12,الداخل الفلسطيني - أم الفحم,1339,1339,أم الفحم,32.5,35.091,approximate_seed,40,40,50,300,True,Inside 48 localities are grouped by nearest/primary Arab city hub; verify exact service coverage and coordinates before production.
1462,البياضة,Al Bayyada,al-bayyada,village,inside_48,12,الداخل الفلسطيني - أم الفحم,1339,1339,أم الفحم,32.5484,35.1544,approximate_seed,40,40,50,300,True,Inside 48 localities are grouped by nearest/primary Arab city hub; verify exact service coverage and coordinates before production.
1463,أم القطف,Umm al-Qutuf,umm-al-qutuf,village,inside_48,12,الداخل الفلسطيني - أم الفحم,1339,1339,أم الفحم,32.462,35.0461,approximate_seed,40,40,50,300,True,Inside 48 localities are grouped by nearest/primary Arab city hub; verify exact service coverage and coordinates before production.
1464,ميتسير,Meiser,meiser,village,inside_48,12,الداخل الفلسطيني - أم الفحم,1339,1339,أم الفحم,32.4452,35.0431,approximate_seed,40,40,50,300,True,Inside 48 localities are grouped by nearest/primary Arab city hub; verify exact service coverage and coordinates before production.
1465,جلجولية,Jaljulia,jaljulia,town,inside_48,12,الداخل الفلسطيني - الطيبة,1346,1346,الطيبة,32.1538,34.9533,approximate_seed,35,35,45,300,True,Inside 48 localities are grouped by nearest/primary Arab city hub; verify exact service coverage and coordinates before production.
1466,زيمر,Zemer,zemer,town,inside_48,12,الداخل الفلسطيني - الطيبة,1346,1346,الطيبة,32.3644,35.033,approximate_seed,35,35,45,300,True,Inside 48 localities are grouped by nearest/primary Arab city hub; verify exact service coverage and coordinates before production.
1467,يمه,Yamma,yamma,village,inside_48,12,الداخل الفلسطيني - الطيبة,1346,1346,الطيبة,32.393,35.023,approximate_seed,40,40,50,300,True,Inside 48 localities are grouped by nearest/primary Arab city hub; verify exact service coverage and coordinates before production.
1468,بير السكة,Bir as-Sikka,bir-as-sikka,village,inside_48,12,الداخل الفلسطيني - الطيبة,1346,1346,الطيبة,32.387,35.031,approximate_seed,40,40,50,300,True,Inside 48 localities are grouped by nearest/primary Arab city hub; verify exact service coverage and coordinates before production.
1469,إبثان,Ibtan,ibtan,village,inside_48,12,الداخل الفلسطيني - الطيبة,1346,1346,الطيبة,32.382,35.03,approximate_seed,40,40,50,300,True,Inside 48 localities are grouped by nearest/primary Arab city hub; verify exact service coverage and coordinates before production.
1470,مرجة,Marja,marja,village,inside_48,12,الداخل الفلسطيني - الطيبة,1346,1346,الطيبة,32.376,35.037,approximate_seed,40,40,50,300,True,Inside 48 localities are grouped by nearest/primary Arab city hub; verify exact service coverage and coordinates before production.
1471,الطيبة الزعبية,Taibe Zubaydiya,taibe-zubaydiya,village,inside_48,12,الداخل الفلسطيني - الناصرة,1338,1338,الناصرة,32.6074,35.4446,approximate_seed,40,40,50,300,True,Inside 48 localities are grouped by nearest/primary Arab city hub; verify exact service coverage and coordinates before production.
1472,نين,Nein,nein,village,inside_48,12,الداخل الفلسطيني - الناصرة,1338,1338,الناصرة,32.6305,35.347,approximate_seed,40,40,50,300,True,Inside 48 localities are grouped by nearest/primary Arab city hub; verify exact service coverage and coordinates before production.
1473,صندلة,Sandala,sandala,village,inside_48,12,الداخل الفلسطيني - الناصرة,1338,1338,الناصرة,32.5227,35.3223,approximate_seed,40,40,50,300,True,Inside 48 localities are grouped by nearest/primary Arab city hub; verify exact service coverage and coordinates before production.
1474,المقيبلة,Muqeible,muqeible,village,inside_48,12,الداخل الفلسطيني - الناصرة,1338,1338,الناصرة,32.5171,35.2943,approximate_seed,40,40,50,300,True,Inside 48 localities are grouped by nearest/primary Arab city hub; verify exact service coverage and coordinates before production.
1475,سولم,Sulam,sulam,village,inside_48,12,الداخل الفلسطيني - الناصرة,1338,1338,الناصرة,32.6077,35.3334,approximate_seed,40,40,50,300,True,Inside 48 localities are grouped by nearest/primary Arab city hub; verify exact service coverage and coordinates before production.
1476,الناعورة,Naura,naura,village,inside_48,12,الداخل الفلسطيني - الناصرة,1338,1338,الناصرة,32.6149,35.3913,approximate_seed,40,40,50,300,True,Inside 48 localities are grouped by nearest/primary Arab city hub; verify exact service coverage and coordinates before production.
1477,الدحي,Dahi,dahi,village,inside_48,12,الداخل الفلسطيني - الناصرة,1338,1338,الناصرة,32.6175,35.3432,approximate_seed,40,40,50,300,True,Inside 48 localities are grouped by nearest/primary Arab city hub; verify exact service coverage and coordinates before production.
1478,كفر مصر,Kafr Misr,kafr-misr,village,inside_48,12,الداخل الفلسطيني - الناصرة,1338,1338,الناصرة,32.6449,35.4218,approximate_seed,40,40,50,300,True,Inside 48 localities are grouped by nearest/primary Arab city hub; verify exact service coverage and coordinates before production.
1479,الرمانة,Rummana,rummana,village,inside_48,12,الداخل الفلسطيني - الناصرة,1338,1338,الناصرة,32.7782,35.3051,approximate_seed,40,40,50,300,True,Inside 48 localities are grouped by nearest/primary Arab city hub; verify exact service coverage and coordinates before production.
1480,العزير,Uzeir,uzeir,village,inside_48,12,الداخل الفلسطيني - الناصرة,1338,1338,الناصرة,32.7928,35.3286,approximate_seed,40,40,50,300,True,Inside 48 localities are grouped by nearest/primary Arab city hub; verify exact service coverage and coordinates before production.
1481,طرعان,Turan,turan,town,inside_48,12,الداخل الفلسطيني - الناصرة,1338,1338,الناصرة,32.7766,35.3796,approximate_seed,35,35,45,300,True,Inside 48 localities are grouped by nearest/primary Arab city hub; verify exact service coverage and coordinates before production.
1482,البعينة نجيدات,Bueine Nujeidat,bueine-nujeidat,town,inside_48,12,الداخل الفلسطيني - الناصرة,1338,1338,الناصرة,32.8062,35.365,approximate_seed,35,35,45,300,True,Inside 48 localities are grouped by nearest/primary Arab city hub; verify exact service coverage and coordinates before production.
1483,عين الأسد,Ein al-Asad,ein-al-asad,village,inside_48,12,الداخل الفلسطيني - طمرة,1342,1342,طمرة,32.9386,35.3956,approximate_seed,40,40,50,300,True,Inside 48 localities are grouped by nearest/primary Arab city hub; verify exact service coverage and coordinates before production.
1484,كمانة,Kamaneh,kamaneh,village,inside_48,12,الداخل الفلسطيني - طمرة,1342,1342,طمرة,32.9055,35.3655,approximate_seed,40,40,50,300,True,Inside 48 localities are grouped by nearest/primary Arab city hub; verify exact service coverage and coordinates before production.
1485,الحسينية,Hussniyya,hussniyya,village,inside_48,12,الداخل الفلسطيني - طمرة,1342,1342,طمرة,32.9,35.32,approximate_seed,40,40,50,300,True,Inside 48 localities are grouped by nearest/primary Arab city hub; verify exact service coverage and coordinates before production.
1486,وادي سلامة,Wadi Salame,wadi-salame,village,inside_48,12,الداخل الفلسطيني - طمرة,1342,1342,طمرة,32.8908,35.369,approximate_seed,40,40,50,300,True,Inside 48 localities are grouped by nearest/primary Arab city hub; verify exact service coverage and coordinates before production.
1487,عرب النعيم,Arab al-Naim,arab-al-naim,village,inside_48,12,الداخل الفلسطيني - طمرة,1342,1342,طمرة,32.885,35.338,approximate_seed,40,40,50,300,True,Inside 48 localities are grouped by nearest/primary Arab city hub; verify exact service coverage and coordinates before production.
1488,سلامة,Salama,salama,village,inside_48,12,الداخل الفلسطيني - طمرة,1342,1342,طمرة,32.8892,35.3682,approximate_seed,40,40,50,300,True,Inside 48 localities are grouped by nearest/primary Arab city hub; verify exact service coverage and coordinates before production.
1489,الكعبية طباش حجاجرة,Kaabiyye-Tabbash-Hajajre,kaabiyye-tabbash-hajajre,town,inside_48,12,الداخل الفلسطيني - شفا عمرو,1341,1341,شفا عمرو,32.7466,35.1793,approximate_seed,35,35,45,300,True,Inside 48 localities are grouped by nearest/primary Arab city hub; verify exact service coverage and coordinates before production.
1490,بسمة طبعون,Basmat Tabun,basmat-tabun,town,inside_48,12,الداخل الفلسطيني - شفا عمرو,1341,1341,شفا عمرو,32.7385,35.1531,approximate_seed,35,35,45,300,True,Inside 48 localities are grouped by nearest/primary Arab city hub; verify exact service coverage and coordinates before production.
1491,إبطن,Ibtin,ibtin,village,inside_48,12,الداخل الفلسطيني - شفا عمرو,1341,1341,شفا عمرو,32.7628,35.1138,approximate_seed,40,40,50,300,True,Inside 48 localities are grouped by nearest/primary Arab city hub; verify exact service coverage and coordinates before production.
1492,رمانة الجليل,Rummat al-Heib,rummat-al-heib,village,inside_48,12,الداخل الفلسطيني - طمرة,1342,1342,طمرة,32.7793,35.3,approximate_seed,40,40,50,300,True,Inside 48 localities are grouped by nearest/primary Arab city hub; verify exact service coverage and coordinates before production.
1493,الزرازير,Zarzir,zarzir,town,inside_48,12,الداخل الفلسطيني - الناصرة,1338,1338,الناصرة,32.7228,35.2206,approximate_seed,35,35,45,300,True,Inside 48 localities are grouped by nearest/primary Arab city hub; verify exact service coverage and coordinates before production.
1494,منشية زبدة,Manshiyat Zabda,manshiyat-zabda,village,inside_48,12,الداخل الفلسطيني - الناصرة,1338,1338,الناصرة,32.7042,35.1931,approximate_seed,40,40,50,300,True,Inside 48 localities are grouped by nearest/primary Arab city hub; verify exact service coverage and coordinates before production.
1495,عرب الشبلي,Arab al-Shibli,arab-al-shibli,village,inside_48,12,الداخل الفلسطيني - الناصرة,1338,1338,الناصرة,32.6905,35.392,approximate_seed,40,40,50,300,True,Inside 48 localities are grouped by nearest/primary Arab city hub; verify exact service coverage and coordinates before production.
1496,أم الغنم,Umm al-Ghanam,umm-al-ghanam,village,inside_48,12,الداخل الفلسطيني - الناصرة,1338,1338,الناصرة,32.6834,35.3916,approximate_seed,40,40,50,300,True,Inside 48 localities are grouped by nearest/primary Arab city hub; verify exact service coverage and coordinates before production.
1497,بئر المكسور,Bir al-Maksur,bir-al-maksur,town,inside_48,12,الداخل الفلسطيني - شفا عمرو,1341,1341,شفا عمرو,32.7781,35.2207,approximate_seed,35,35,45,300,True,Inside 48 localities are grouped by nearest/primary Arab city hub; verify exact service coverage and coordinates before production.
1498,وادي الحمام,Wadi al-Hamam,wadi-al-hamam,village,inside_48,12,الداخل الفلسطيني - سخنين,1340,1340,سخنين,32.825,35.4905,approximate_seed,40,40,50,300,True,Inside 48 localities are grouped by nearest/primary Arab city hub; verify exact service coverage and coordinates before production.
1499,غور المزرعة,Ghawr al-Mazraah,ghawr-al-mazraah,village,inside_48,12,الداخل الفلسطيني - سخنين,1340,1340,سخنين,32.811,35.489,approximate_seed,40,40,50,300,True,Inside 48 localities are grouped by nearest/primary Arab city hub; verify exact service coverage and coordinates before production.
1500,الشبلي,Shibli,shibli,village,inside_48,12,الداخل الفلسطيني - الناصرة,1338,1338,الناصرة,32.6942,35.397,approximate_seed,40,40,50,300,True,Inside 48 localities are grouped by nearest/primary Arab city hub; verify exact service coverage and coordinates before production.
1501,كفر مندا,Kafr Manda,kafr-manda,town,inside_48,12,الداخل الفلسطيني - عرابة البطوف,1344,1344,عرابة البطوف,32.8103,35.26,approximate_seed,35,35,45,300,True,Inside 48 localities are grouped by nearest/primary Arab city hub; verify exact service coverage and coordinates before production.
1502,عيلبون,Eilabun,eilabun,town,inside_48,12,الداخل الفلسطيني - سخنين,1340,1340,سخنين,32.8369,35.4008,approximate_seed,35,35,45,300,True,Inside 48 localities are grouped by nearest/primary Arab city hub; verify exact service coverage and coordinates before production.
1503,فسوطة,Fassuta,fassuta,town,inside_48,12,الداخل الفلسطيني - كفر ياسيف,1382,1382,كفر ياسيف,33.0488,35.3086,approximate_seed,35,35,45,300,True,Inside 48 localities are grouped by nearest/primary Arab city hub; verify exact service coverage and coordinates before production.
1504,معليا,Miilya,miilya,town,inside_48,12,الداخل الفلسطيني - كفر ياسيف,1382,1382,كفر ياسيف,33.0267,35.257,approximate_seed,35,35,45,300,True,Inside 48 localities are grouped by nearest/primary Arab city hub; verify exact service coverage and coordinates before production.
1505,حرفيش,Hurfeish,hurfeish,town,inside_48,12,الداخل الفلسطيني - كفر ياسيف,1382,1382,كفر ياسيف,33.0177,35.348,approximate_seed,35,35,45,300,True,Inside 48 localities are grouped by nearest/primary Arab city hub; verify exact service coverage and coordinates before production.
1506,بيت جن,Beit Jann,beit-jann,town,inside_48,12,الداخل الفلسطيني - كفر ياسيف,1382,1382,كفر ياسيف,32.9648,35.379,approximate_seed,35,35,45,300,True,Inside 48 localities are grouped by nearest/primary Arab city hub; verify exact service coverage and coordinates before production.
1507,ساجور,Sajur,sajur,town,inside_48,12,الداخل الفلسطيني - سخنين,1340,1340,سخنين,32.9427,35.3415,approximate_seed,35,35,45,300,True,Inside 48 localities are grouped by nearest/primary Arab city hub; verify exact service coverage and coordinates before production.
1508,الرامة,Rameh,rameh,town,inside_48,12,الداخل الفلسطيني - سخنين,1340,1340,سخنين,32.9389,35.3676,approximate_seed,35,35,45,300,True,Inside 48 localities are grouped by nearest/primary Arab city hub; verify exact service coverage and coordinates before production.
1509,دير حنا,Deir Hanna,deir-hanna,town,inside_48,12,الداخل الفلسطيني - سخنين,1340,1340,سخنين,32.8628,35.3636,approximate_seed,35,35,45,300,True,Inside 48 localities are grouped by nearest/primary Arab city hub; verify exact service coverage and coordinates before production.
1510,كوكب أبو الهيجاء,Kaukab Abu al-Hija,kaukab-abu-al-hija,village,inside_48,12,الداخل الفلسطيني - سخنين,1340,1340,سخنين,32.831,35.2496,approximate_seed,40,40,50,300,True,Inside 48 localities are grouped by nearest/primary Arab city hub; verify exact service coverage and coordinates before production.
1511,مجدل شمس,Majdal Shams,majdal-shams,city,inside_48,12,الداخل الفلسطيني - مجدل شمس,,1511,مجدل شمس,33.269,35.772,approximate_seed,35,35,45,300,True,Inside 48 localities are grouped by nearest/primary Arab city hub; verify exact service coverage and coordinates before production.
1512,مسعدة,Masade,masade,town,inside_48,12,الداخل الفلسطيني - مجدل شمس,1511,1511,مجدل شمس,33.2325,35.7569,approximate_seed,35,35,45,300,True,Inside 48 localities are grouped by nearest/primary Arab city hub; verify exact service coverage and coordinates before production.
1513,بقعاثا,Buqata,buqata,town,inside_48,12,الداخل الفلسطيني - مجدل شمس,1511,1511,مجدل شمس,33.2035,35.7782,approximate_seed,35,35,45,300,True,Inside 48 localities are grouped by nearest/primary Arab city hub; verify exact service coverage and coordinates before production.
1514,عين قنية,Ein Qiniyye,ein-qiniyye,village,inside_48,12,الداخل الفلسطيني - مجدل شمس,1511,1511,مجدل شمس,33.2367,35.7315,approximate_seed,40,40,50,300,True,Inside 48 localities are grouped by nearest/primary Arab city hub; verify exact service coverage and coordinates before production.
1515,الغجر,Ghajar,ghajar,village,inside_48,12,الداخل الفلسطيني - مجدل شمس,1511,1511,مجدل شمس,33.2729,35.6232,approximate_seed,40,40,50,300,True,Inside 48 localities are grouped by nearest/primary Arab city hub; verify exact service coverage and coordinates before production.
1516,كسرى سميع,Kisra-Sumei,kisra-sumei,town,inside_48,12,الداخل الفلسطيني - كفر ياسيف,1382,1382,كفر ياسيف,32.9661,35.302,approximate_seed,35,35,45,300,True,Inside 48 localities are grouped by nearest/primary Arab city hub; verify exact service coverage and coordinates before production.
1517,يانوح جث,Yanuh-Jat,yanuh-jat,town,inside_48,12,الداخل الفلسطيني - كفر ياسيف,1382,1382,كفر ياسيف,32.98,35.247,approximate_seed,35,35,45,300,True,Inside 48 localities are grouped by nearest/primary Arab city hub; verify exact service coverage and coordinates before production.
1518,جت الجليل,Jat Galilee,jat-galilee,village,inside_48,12,الداخل الفلسطيني - كفر ياسيف,1382,1382,كفر ياسيف,32.98,35.25,approximate_seed,40,40,50,300,True,Inside 48 localities are grouped by nearest/primary Arab city hub; verify exact service coverage and coordinates before production.
1519,أبو غوش,Abu Ghosh,abu-ghosh,city,inside_48,12,الداخل الفلسطيني - أبو غوش,,1519,أبو غوش,31.8055,35.1093,approximate_seed,35,35,45,300,True,Inside 48 localities are grouped by nearest/primary Arab city hub; verify exact service coverage and coordinates before production.
1520,عين رافة,Ein Rafa,ein-rafa,village,inside_48,12,الداخل الفلسطيني - أبو غوش,1519,1519,أبو غوش,31.7908,35.1111,approximate_seed,40,40,50,300,True,Inside 48 localities are grouped by nearest/primary Arab city hub; verify exact service coverage and coordinates before production.
1521,عين نقوبا,Ein Naqquba,ein-naqquba,village,inside_48,12,الداخل الفلسطيني - أبو غوش,1519,1519,أبو غوش,31.7928,35.12,approximate_seed,40,40,50,300,True,Inside 48 localities are grouped by nearest/primary Arab city hub; verify exact service coverage and coordinates before production.
1522,بيت نقوبا,Beit Naqquba,beit-naqquba,village,inside_48,12,الداخل الفلسطيني - أبو غوش,1519,1519,أبو غوش,31.8012,35.1241,approximate_seed,40,40,50,300,True,Inside 48 localities are grouped by nearest/primary Arab city hub; verify exact service coverage and coordinates before production.
1523,أبو تلول,Abu Tulul,abu-tulul,village,inside_48,12,الداخل الفلسطيني - رهط,1343,1343,رهط,31.16,35.017,approximate_seed,40,40,50,300,True,Inside 48 localities are grouped by nearest/primary Arab city hub; verify exact service coverage and coordinates before production.
1524,أبو قرينات,Abu Qrenat,abu-qrenat,village,inside_48,12,الداخل الفلسطيني - رهط,1343,1343,رهط,31.07,34.97,approximate_seed,40,40,50,300,True,Inside 48 localities are grouped by nearest/primary Arab city hub; verify exact service coverage and coordinates before production.
1525,الأطرش,Al Atrash,al-atrash,village,inside_48,12,الداخل الفلسطيني - رهط,1343,1343,رهط,31.197,34.914,approximate_seed,40,40,50,300,True,Inside 48 localities are grouped by nearest/primary Arab city hub; verify exact service coverage and coordinates before production.
1526,أم بطين,Umm Batin,umm-batin,village,inside_48,12,الداخل الفلسطيني - رهط,1343,1343,رهط,31.279,34.878,approximate_seed,40,40,50,300,True,Inside 48 localities are grouped by nearest/primary Arab city hub; verify exact service coverage and coordinates before production.
1527,بير هداج,Bir Hadaj,bir-hadaj,village,inside_48,12,الداخل الفلسطيني - رهط,1343,1343,رهط,31.025,34.707,approximate_seed,40,40,50,300,True,Inside 48 localities are grouped by nearest/primary Arab city hub; verify exact service coverage and coordinates before production.
1528,درجات,Drijat,drijat,village,inside_48,12,الداخل الفلسطيني - رهط,1343,1343,رهط,31.302,35.08,approximate_seed,40,40,50,300,True,Inside 48 localities are grouped by nearest/primary Arab city hub; verify exact service coverage and coordinates before production.
1529,كحلة,Kahla,kahla,village,inside_48,12,الداخل الفلسطيني - رهط,1343,1343,رهط,31.275,34.954,approximate_seed,40,40,50,300,True,Inside 48 localities are grouped by nearest/primary Arab city hub; verify exact service coverage and coordinates before production.
1530,قصر السر,Qasr al-Sir,qasr-al-sir,village,inside_48,12,الداخل الفلسطيني - رهط,1343,1343,رهط,31.073,34.993,approximate_seed,40,40,50,300,True,Inside 48 localities are grouped by nearest/primary Arab city hub; verify exact service coverage and coordinates before production.
1531,مكحول,Makhul,makhul,village,inside_48,12,الداخل الفلسطيني - رهط,1343,1343,رهط,31.287,34.891,approximate_seed,40,40,50,300,True,Inside 48 localities are grouped by nearest/primary Arab city hub; verify exact service coverage and coordinates before production.
1532,مولدة,Mulada,mulada,village,inside_48,12,الداخل الفلسطيني - رهط,1343,1343,رهط,31.265,34.945,approximate_seed,40,40,50,300,True,Inside 48 localities are grouped by nearest/primary Arab city hub; verify exact service coverage and coordinates before production.
1533,السيد,Al Sayyid,al-sayyid,village,inside_48,12,الداخل الفلسطيني - رهط,1343,1343,رهط,31.287,34.911,approximate_seed,40,40,50,300,True,Inside 48 localities are grouped by nearest/primary Arab city hub; verify exact service coverage and coordinates before production.
1534,ترابين الصانع,Tarabin as-Sani,tarabin-as-sani,village,inside_48,12,الداخل الفلسطيني - رهط,1343,1343,رهط,31.335,34.741,approximate_seed,40,40,50,300,True,Inside 48 localities are grouped by nearest/primary Arab city hub; verify exact service coverage and coordinates before production.
1535,وادي النعم,Wadi al-Naam,wadi-al-naam,village,inside_48,12,الداخل الفلسطيني - رهط,1343,1343,رهط,31.19,34.8,approximate_seed,40,40,50,300,True,Inside 48 localities are grouped by nearest/primary Arab city hub; verify exact service coverage and coordinates before production.
1536,الفرعة,Al Fura,al-fura,village,inside_48,12,الداخل الفلسطيني - رهط,1343,1343,رهط,31.23,34.91,approximate_seed,40,40,50,300,True,Inside 48 localities are grouped by nearest/primary Arab city hub; verify exact service coverage and coordinates before production.
1537,الزرنوق,Al Zarnug,al-zarnug,village,inside_48,12,الداخل الفلسطيني - رهط,1343,1343,رهط,31.234,34.825,approximate_seed,40,40,50,300,True,Inside 48 localities are grouped by nearest/primary Arab city hub; verify exact service coverage and coordinates before production.
1538,خشم زنة,Khashm Zanna,khashm-zanna,village,inside_48,12,الداخل الفلسطيني - رهط,1343,1343,رهط,31.208,34.88,approximate_seed,40,40,50,300,True,Inside 48 localities are grouped by nearest/primary Arab city hub; verify exact service coverage and coordinates before production.
1539,رخمة,Rakhma,rakhma,village,inside_48,12,الداخل الفلسطيني - رهط,1343,1343,رهط,30.912,34.817,approximate_seed,40,40,50,300,True,Inside 48 localities are grouped by nearest/primary Arab city hub; verify exact service coverage and coordinates before production.
1540,عبدة,Abde,abde,village,inside_48,12,الداخل الفلسطيني - رهط,1343,1343,رهط,30.789,34.767,approximate_seed,40,40,50,300,True,Inside 48 localities are grouped by nearest/primary Arab city hub; verify exact service coverage and coordinates before production.
1541,عرب العرامشة,Arab al-Aramshe,arab-al-aramshe,village,inside_48,12,الداخل الفلسطيني - كفر ياسيف,1382,1382,كفر ياسيف,33.088,35.228,approximate_seed,40,40,50,300,True,Inside 48 localities are grouped by nearest/primary Arab city hub; verify exact service coverage and coordinates before production.
1542,الشيخ دنون,Sheikh Dannun,sheikh-dannun,village,inside_48,12,الداخل الفلسطيني - كفر ياسيف,1382,1382,كفر ياسيف,32.994,35.148,approximate_seed,40,40,50,300,True,Inside 48 localities are grouped by nearest/primary Arab city hub; verify exact service coverage and coordinates before production.
1543,الدامون,Al Damun,al-damun,village,inside_48,12,الداخل الفلسطيني - كفر ياسيف,1382,1382,كفر ياسيف,32.916,35.171,approximate_seed,40,40,50,300,True,Inside 48 localities are grouped by nearest/primary Arab city hub; verify exact service coverage and coordinates before production.
1544,الرويس,Al Ruways,al-ruways,village,inside_48,12,الداخل الفلسطيني - كفر ياسيف,1382,1382,كفر ياسيف,32.92,35.215,approximate_seed,40,40,50,300,True,Inside 48 localities are grouped by nearest/primary Arab city hub; verify exact service coverage and coordinates before production.
1545,الشعب,Shaab,shaab,town,inside_48,12,الداخل الفلسطيني - سخنين,1340,1340,سخنين,32.8897,35.2414,approximate_seed,35,35,45,300,True,Inside 48 localities are grouped by nearest/primary Arab city hub; verify exact service coverage and coordinates before production.
1546,ميعار,Miar,miar,village,inside_48,12,الداخل الفلسطيني - سخنين,1340,1340,سخنين,32.9,35.238,approximate_seed,40,40,50,300,True,Inside 48 localities are grouped by nearest/primary Arab city hub; verify exact service coverage and coordinates before production.
1547,سخنين الغربية,West Sakhnin,west-sakhnin,neighborhood,inside_48,12,الداخل الفلسطيني - سخنين,1340,1340,سخنين,32.861,35.286,approximate_seed,30,30,40,300,True,Inside 48 localities are grouped by nearest/primary Arab city hub; verify exact service coverage and coordinates before production.
1548,عرب العريضات,Arab al-Aridat,arab-al-aridat,village,inside_48,12,الداخل الفلسطيني - سخنين,1340,1340,سخنين,32.695,35.23,approximate_seed,40,40,50,300,True,Inside 48 localities are grouped by nearest/primary Arab city hub; verify exact service coverage and coordinates before production.
1549,منشية العاصي,Manshiyat al-Asi,manshiyat-al-asi,village,inside_48,12,الداخل الفلسطيني - سخنين,1340,1340,سخنين,32.695,35.183,approximate_seed,40,40,50,300,True,Inside 48 localities are grouped by nearest/primary Arab city hub; verify exact service coverage and coordinates before production.
1550,خوالد,Khawaled,khawaled,village,inside_48,12,الداخل الفلسطيني - شفا عمرو,1341,1341,شفا عمرو,32.744,35.151,approximate_seed,40,40,50,300,True,Inside 48 localities are grouped by nearest/primary Arab city hub; verify exact service coverage and coordinates before production.
1551,راس علي,Ras Ali,ras-ali,village,inside_48,12,الداخل الفلسطيني - شفا عمرو,1341,1341,شفا عمرو,32.772,35.155,approximate_seed,40,40,50,300,True,Inside 48 localities are grouped by nearest/primary Arab city hub; verify exact service coverage and coordinates before production.
1552,حلف طباش,Hilf Tabash,hilf-tabash,village,inside_48,12,الداخل الفلسطيني - شفا عمرو,1341,1341,شفا عمرو,32.749,35.172,approximate_seed,40,40,50,300,True,Inside 48 localities are grouped by nearest/primary Arab city hub; verify exact service coverage and coordinates before production.
1553,الحميرة,Al Hamira,al-hamira,village,inside_48,12,الداخل الفلسطيني - شفا عمرو,1341,1341,شفا عمرو,32.964,35.254,approximate_seed,40,40,50,300,True,Inside 48 localities are grouped by nearest/primary Arab city hub; verify exact service coverage and coordinates before production.
1554,أم الزينات,Umm al-Zinat,umm-al-zinat,village,inside_48,12,الداخل الفلسطيني - حيفا العربية,1386,1386,حيفا العربية,32.67,35.053,approximate_seed,40,40,50,300,True,Inside 48 localities are grouped by nearest/primary Arab city hub; verify exact service coverage and coordinates before production.
1555,ريحانية,Rehaniya,rehaniya,village,inside_48,12,الداخل الفلسطيني - كفر ياسيف,1382,1382,كفر ياسيف,33.048,35.488,approximate_seed,40,40,50,300,True,Inside 48 localities are grouped by nearest/primary Arab city hub; verify exact service coverage and coordinates before production.
1556,عرب الهيب,Arab al-Heib,arab-al-heib,village,inside_48,12,الداخل الفلسطيني - شفا عمرو,1341,1341,شفا عمرو,32.789,35.305,approximate_seed,40,40,50,300,True,Inside 48 localities are grouped by nearest/primary Arab city hub; verify exact service coverage and coordinates before production.
1557,الصيادة,Sayyadeh,sayyadeh,village,inside_48,12,الداخل الفلسطيني - شفا عمرو,1341,1341,شفا عمرو,32.8,35.355,approximate_seed,40,40,50,300,True,Inside 48 localities are grouped by nearest/primary Arab city hub; verify exact service coverage and coordinates before production.
1558,المرج,Al Marj,al-marj,village,inside_48,12,الداخل الفلسطيني - شفا عمرو,1341,1341,شفا عمرو,32.608,35.42,approximate_seed,40,40,50,300,True,Inside 48 localities are grouped by nearest/primary Arab city hub; verify exact service coverage and coordinates before production.
1559,كفر برا,Kafr Bara,kafr-bara,town,inside_48,12,الداخل الفلسطيني - كفر قاسم,1349,1349,كفر قاسم,32.1305,34.9715,approximate_seed,35,35,45,300,True,Inside 48 localities are grouped by nearest/primary Arab city hub; verify exact service coverage and coordinates before production.
1560,الزوية,Az Zawiya Inside 48,az-zawiya-inside-48,village,inside_48,12,الداخل الفلسطيني - كفر قاسم,1349,1349,كفر قاسم,32.195,34.98,approximate_seed,40,40,50,300,True,Inside 48 localities are grouped by nearest/primary Arab city hub; verify exact service coverage and coordinates before production.
1561,عبلين,Ibillin,ibillin,town,inside_48,12,الداخل الفلسطيني - شفا عمرو,1341,1341,شفا عمرو,32.8235,35.1909,approximate_seed,35,35,45,300,True,Inside 48 localities are grouped by nearest/primary Arab city hub; verify exact service coverage and coordinates before production.
1562,عيلوط,Ilut,ilut,town,inside_48,12,الداخل الفلسطيني - الناصرة,1338,1338,الناصرة,32.716,35.2645,approximate_seed,35,35,45,300,True,Inside 48 localities are grouped by nearest/primary Arab city hub; verify exact service coverage and coordinates before production.
1563,شعب,Shaab,shaab,town,inside_48,12,الداخل الفلسطيني - سخنين,1340,1340,سخنين,32.8904,35.241,approximate_seed,35,35,45,300,True,Inside 48 localities are grouped by nearest/primary Arab city hub; verify exact service coverage and coordinates before production.
1564,البقيعة,Pekiin,pekiin,town,inside_48,12,الداخل الفلسطيني - سخنين,1340,1340,سخنين,32.9775,35.335,approximate_seed,35,35,45,300,True,Inside 48 localities are grouped by nearest/primary Arab city hub; verify exact service coverage and coordinates before production.
1565,كفر سميع,Kafr Sumei,kafr-sumei,village,inside_48,12,الداخل الفلسطيني - كفر ياسيف,1382,1382,كفر ياسيف,32.9653,35.3032,approximate_seed,40,40,50,300,True,Inside 48 localities are grouped by nearest/primary Arab city hub; verify exact service coverage and coordinates before production.
1566,المكر,Al Makr,al-makr,town,inside_48,12,الداخل الفلسطيني - كفر ياسيف,1382,1382,كفر ياسيف,32.9289,35.142,approximate_seed,35,35,45,300,True,Inside 48 localities are grouped by nearest/primary Arab city hub; verify exact service coverage and coordinates before production.
1567,الجديدة,Jadeida,jadeida,town,inside_48,12,الداخل الفلسطيني - كفر ياسيف,1382,1382,كفر ياسيف,32.9295,35.144,approximate_seed,35,35,45,300,True,Inside 48 localities are grouped by nearest/primary Arab city hub; verify exact service coverage and coordinates before production.
1568,الشيخ بريك,Sheikh Bureik,sheikh-bureik,village,inside_48,12,الداخل الفلسطيني - حيفا العربية,1386,1386,حيفا العربية,32.689,35.088,approximate_seed,40,40,50,300,True,Inside 48 localities are grouped by nearest/primary Arab city hub; verify exact service coverage and coordinates before production.
1569,خربة الكساير,Khirbat al-Kasayir,khirbat-al-kasayir,village,inside_48,12,الداخل الفلسطيني - حيفا العربية,1386,1386,حيفا العربية,32.755,35.141,approximate_seed,40,40,50,300,True,Inside 48 localities are grouped by nearest/primary Arab city hub; verify exact service coverage and coordinates before production.
1570,أم الريحان,Umm ar-Rihan,umm-ar-rihan,village,inside_48,12,الداخل الفلسطيني - أم الفحم,1339,1339,أم الفحم,32.478,35.139,approximate_seed,40,40,50,300,True,Inside 48 localities are grouped by nearest/primary Arab city hub; verify exact service coverage and coordinates before production.
1571,كفر قرع القديمة,Old Kafr Qara,old-kafr-qara,neighborhood,inside_48,12,الداخل الفلسطيني - أم الفحم,1339,1339,أم الفحم,32.504,35.052,approximate_seed,30,30,40,300,True,Inside 48 localities are grouped by nearest/primary Arab city hub; verify exact service coverage and coordinates before production.
1572,بئر الأمير,Bir al-Amir,bir-al-amir,neighborhood,inside_48,12,الداخل الفلسطيني - الناصرة,1338,1338,الناصرة,32.701,35.313,approximate_seed,30,30,40,300,True,Inside 48 localities are grouped by nearest/primary Arab city hub; verify exact service coverage and coordinates before production.
1573,صفورية,Saffuriya,saffuriya,village,inside_48,12,الداخل الفلسطيني - الناصرة,1338,1338,الناصرة,32.746,35.278,approximate_seed,40,40,50,300,True,Inside 48 localities are grouped by nearest/primary Arab city hub; verify exact service coverage and coordinates before production.
1574,الكابري,Al Kabri,al-kabri,village,inside_48,12,الداخل الفلسطيني - كفر ياسيف,1382,1382,كفر ياسيف,33.02,35.145,approximate_seed,40,40,50,300,True,Inside 48 localities are grouped by nearest/primary Arab city hub; verify exact service coverage and coordinates before production.
1575,المزرعة الجليل,Mazraa Galilee,mazraa-galilee,village,inside_48,12,الداخل الفلسطيني - كفر ياسيف,1382,1382,كفر ياسيف,32.9833,35.099,approximate_seed,40,40,50,300,True,Inside 48 localities are grouped by nearest/primary Arab city hub; verify exact service coverage and coordinates before production.
1576,ترشيحا,Tarshiha,tarshiha,city,inside_48,12,الداخل الفلسطيني - ترشيحا,,1576,ترشيحا,33.017,35.27,approximate_seed,35,35,45,300,True,Inside 48 localities are grouped by nearest/primary Arab city hub; verify exact service coverage and coordinates before production.
1577,النقب العربي,Arab Negev,arab-negev,area,inside_48,12,الداخل الفلسطيني - رهط,1343,1343,رهط,31.25,34.79,approximate_seed,35,35,45,300,True,Inside 48 localities are grouped by nearest/primary Arab city hub; verify exact service coverage and coordinates before production.
1578,الجليل الأعلى العربي,Arab Upper Galilee,arab-upper-galilee,area,inside_48,12,الداخل الفلسطيني - كفر ياسيف,1382,1382,كفر ياسيف,33.02,35.3,approximate_seed,35,35,45,300,True,Inside 48 localities are grouped by nearest/primary Arab city hub; verify exact service coverage and coordinates before production.
1579,الجليل الأسفل العربي,Arab Lower Galilee,arab-lower-galilee,area,inside_48,12,الداخل الفلسطيني - سخنين,1340,1340,سخنين,32.78,35.33,approximate_seed,35,35,45,300,True,Inside 48 localities are grouped by nearest/primary Arab city hub; verify exact service coverage and coordinates before production.
1580,المثلث الشمالي,Northern Triangle,northern-triangle,area,inside_48,12,الداخل الفلسطيني - أم الفحم,1339,1339,أم الفحم,32.51,35.09,approximate_seed,35,35,45,300,True,Inside 48 localities are grouped by nearest/primary Arab city hub; verify exact service coverage and coordinates before production.
1581,المثلث الجنوبي,Southern Triangle,southern-triangle,area,inside_48,12,الداخل الفلسطيني - الطيبة,1346,1346,الطيبة,32.16,34.98,approximate_seed,35,35,45,300,True,Inside 48 localities are grouped by nearest/primary Arab city hub; verify exact service coverage and coordinates before production.
1582,الساحل الفلسطيني,Palestinian Coast Inside 48,palestinian-coast-inside-48,area,inside_48,12,الداخل الفلسطيني - حيفا العربية,1386,1386,حيفا العربية,32.64,34.95,approximate_seed,35,35,45,300,True,Inside 48 localities are grouped by nearest/primary Arab city hub; verify exact service coverage and coordinates before production.
